{"type": "FeatureCollection", "features": [{"type": "Feature", "properties": {"shapeName": "Sokoto", "shapeISO": "NG-SO", "shapeID": "27671186B99510750195830", "shapeGroup": "NGA", "shapeType": "ADM1", "stateId": "so", "stateName": "Sokoto", "stateCode": "SO"}, "geometry": {"type": "Polygon", "coordinates": [[[4.126404704113838, 13.249674072800246], [4.178570395607323, 13.254068556918412], [4.213913641401462, 13.263686177575096], [4.258026999346612, 13.264426462611198], [4.300238917991692, 13.25961456895726], [4.374447310295182, 13.201090244319346], [4.391845489377886, 13.197134640151546], [4.429755687175259, 13.192668034002622], [4.455127996559838, 13.183006604671107], [4.460474422956281, 13.182774953701198], [4.470874279324562, 13.17884107985202], [4.490304597079557, 13.16657551424862], [4.493037913768774, 13.162293992174057], [4.497530336755688, 13.15996189272721], [4.512950660244826, 13.136703523448887], [4.623046776687431, 13.07011233311772], [4.682985900379038, 13.078911467290425], [4.702156003796574, 13.073203390224307], [4.726346494295342, 13.054496577055431], [4.731627658689547, 13.052771055040182], [4.724706504101903, 13.049495324849431], [4.702590614665155, 13.025757994635796], [4.68666937419232, 13.006129868298842], [4.677757625114339, 12.999094190444566], [4.678042842403329, 12.988162955256257], [4.680609782715351, 12.980288461743157], [4.678454820033949, 12.97945853768141], [4.678038879990368, 12.980906079252179], [4.673522964912934, 12.980616572197107], [4.671799788329622, 12.976621334906724], [4.666154893133864, 12.97349458190945], [4.665738954888923, 12.969615038803056], [4.663421577343968, 12.970483598639191], [4.659440442322591, 12.968920189315327], [4.659499862328857, 12.966256579977255], [4.66163897805643, 12.965851244739213], [4.660688259755432, 12.959481617382778], [4.652369469675307, 12.954327892318418], [4.649517312973671, 12.9540962611336], [4.646215274015731, 12.948615238602429], [4.657916506041943, 12.944245153091401], [4.686920646570627, 12.93875571830182], [4.694300000344811, 12.933299999995029], [4.697366671434793, 12.928748451080196], [4.698222317905675, 12.922435792178135], [4.706303428860224, 12.912427870250042], [4.711041573609805, 12.907872049555465], [4.740491124965502, 12.893281175286063], [4.759246383713673, 12.8744438623944], [4.806835267033989, 12.819476618151441], [4.806305366699348, 12.804185508354578], [4.775794972360131, 12.790338402195573], [4.770250369558937, 12.789276137383865], [4.760286003596264, 12.772462262223655], [4.743552385734063, 12.737347482000757], [4.730348161738334, 12.701841414849468], [4.731931972182792, 12.672115020691706], [4.75745667168809, 12.63697051787517], [4.794689747433949, 12.575441617636614], [4.795889500600026, 12.51239919256875], [4.811936707313237, 12.503556599557498], [4.803132702412313, 12.485234751082942], [4.769369473722293, 12.469615103654178], [4.757453541148038, 12.44959761403868], [4.749819278137238, 12.42098394205533], [4.751786055881837, 12.392712272353549], [4.750873352823021, 12.389416150035345], [4.75387713881895, 12.363726621886144], [4.739759355609806, 12.365608691587909], [4.735990635059807, 12.363827663415975], [4.72207913204636, 12.363171161020318], [4.709199998581141, 12.364899998835938], [4.703000001349039, 12.379699999655315], [4.703000001349039, 12.38390000178373], [4.691144436666491, 12.399958087595735], [4.681244368632747, 12.396558973118147], [4.672103669248997, 12.40662608482603], [4.664342282570317, 12.412276095365542], [4.629810477971205, 12.43293946278601], [4.599341234810197, 12.400652326443776], [4.597093150928231, 12.403132376957672], [4.587833946979117, 12.395935515411736], [4.585770708851157, 12.388917866266581], [4.586416948183683, 12.38068139473063], [4.592519297927311, 12.346801725419368], [4.576490153198051, 12.333016244404178], [4.559918919622476, 12.304762211307036], [4.548545784560361, 12.3014877158854], [4.557093738085598, 12.289848004681744], [4.552036524665937, 12.28415629617615], [4.549203694395032, 12.250755803637503], [4.523663283733583, 12.255804117366154], [4.521122757409387, 12.251402331652343], [4.524345933018424, 12.2495953508448], [4.524980027905997, 12.24582591263578], [4.53025048317329, 12.239621642724671], [4.562149196927919, 12.22998702937798], [4.555940631854696, 12.212892328318333], [4.55090716683236, 12.131805501922429], [4.552319659125033, 12.097726129157593], [4.574841791215761, 12.074708071320458], [4.588181817337045, 12.03882752467058], [4.582023292341091, 11.996514089653544], [4.567135050941886, 11.919602419815874], [4.55075238991094, 11.89190849078426], [4.549734907739833, 11.810922439718865], [4.544024201955381, 11.803498521839344], [4.548973482340386, 11.79550353176262], [4.535399999410515, 11.784999998850935], [4.50969999955538, 11.755800000369788], [4.49868119378209, 11.750038695129717], [4.486879067714824, 11.740520851556084], [4.449094785795751, 11.720394757112388], [4.43643449335724, 11.710825178239418], [4.417208449410452, 11.708540894846465], [4.413611535344103, 11.730236979852805], [4.393904474611873, 11.75745593734166], [4.391785226706872, 11.755847818222264], [4.389169895674172, 11.759745626559493], [4.381640202233598, 11.760304083966332], [4.377875354164303, 11.762537904600663], [4.377704224870115, 11.758070247144246], [4.380670467767914, 11.756059775838025], [4.381354985843984, 11.75354666894367], [4.384891659722371, 11.753211585146573], [4.386317738972537, 11.74951401266162], [4.38539078795452, 11.745953683915445], [4.381041249254281, 11.74029895193513], [4.376691709654722, 11.741625380906669], [4.372769994639611, 11.746651791646912], [4.368773788779379, 11.746984187370401], [4.371557828131301, 11.724660566232217], [4.375101571580331, 11.714620246227412], [4.396825140767703, 11.692247603044507], [4.427280380585159, 11.67056132334642], [4.41923090058566, 11.614177970636888], [4.469356928779291, 11.576515768987576], [4.496795957567429, 11.552430962319079], [4.482785916736702, 11.531998347445835], [4.494707757856816, 11.532587415976536], [4.522761340163754, 11.53031450630948], [4.541985838175947, 11.560279274768789], [4.554129673345813, 11.564573467391654], [4.569935376116746, 11.573654653239714], [4.556154216344055, 11.5866276651347], [4.547455094876796, 11.597402481239556], [4.548738565932126, 11.61081301420927], [4.551020290753854, 11.61667991874333], [4.546163707988796, 11.634397927322539], [4.569878856424111, 11.632857723205404], [4.585991290066033, 11.654872282429949], [4.61529720080523, 11.65773545222936], [4.619269426243079, 11.655625315356076], [4.623140631734827, 11.656687954285701], [4.628859443108865, 11.668103189310784], [4.634991580197322, 11.672292985033266], [4.666810559160012, 11.667562122993616], [4.669310157337918, 11.674819254405122], [4.659198837656277, 11.678556244175354], [4.661502217253599, 11.693896467747834], [4.664353399090146, 11.694396528576988], [4.671034528220957, 11.690729400841235], [4.672735121029064, 11.683477102386405], [4.676514174789361, 11.681882357984477], [4.686045185337093, 11.686188688757056], [4.691892106935256, 11.685909385409843], [4.698879891393915, 11.692682421656457], [4.701046300646283, 11.690600941680145], [4.708027190902214, 11.692098038593656], [4.71253237436963, 11.691151885251372], [4.721083571749489, 11.694750074556339], [4.731166464760577, 11.699810005727215], [4.733448189582305, 11.704278608371112], [4.738207725606117, 11.707377495874766], [4.738487000174985, 11.710143538893249], [4.742560891272149, 11.715220578766719], [4.745074151950575, 11.721406943175964], [4.750389140746279, 11.719524582093811], [4.757076518366659, 11.723017771053321], [4.764821913300693, 11.718056344424781], [4.767298284688138, 11.720412989068222], [4.761541933813248, 11.734356007024132], [4.76833957371241, 11.739000909164702], [4.777228795672443, 11.737288168314365], [4.780458322293782, 11.739630806916239], [4.784929619306524, 11.738405173959677], [4.791204362791177, 11.740918419349612], [4.79372376943644, 11.7430034669365], [4.794769559567555, 11.747341057244057], [4.799428082839825, 11.74942605356955], [4.802612991396472, 11.757672809752421], [4.809315558566198, 11.759627422367714], [4.815210015629759, 11.766086852426326], [4.819800000669545, 11.766899998735994], [4.820778469350955, 11.762890749108806], [4.823576342074603, 11.760046265422886], [4.828282401711533, 11.759208578413222], [4.831562382098298, 11.756695499397836], [4.832668400726163, 11.75203775134122], [4.836838870917234, 11.753344690205324], [4.843969263570727, 11.752088126865601], [4.848532713214183, 11.744409002073837], [4.849829730757506, 11.735107461640098], [4.861501384980954, 11.735778282142064], [4.869772638696361, 11.733823499554887], [4.873052619083126, 11.734521637863338], [4.872624796297373, 11.738151926670128], [4.874804003801785, 11.740056810373574], [4.878614325190995, 11.75015946328864], [4.883890814009931, 11.751136797025595], [4.889452520117743, 11.75015946328864], [4.892700000804439, 11.746800000819405], [4.891195976413258, 11.737512576144525], [4.892447285014214, 11.731868705276554], [4.889452520117743, 11.719301831714233], [4.889737734708717, 11.713856010446591], [4.893739895879548, 11.711272840968888], [4.89387336336506, 11.709247922054033], [4.899149853083316, 11.708689361225083], [4.913981067572252, 11.716648753437255], [4.915121931332123, 11.72181525157265], [4.931780535843075, 11.723933166682343], [4.934373989068376, 11.72209451984628], [4.938794832315693, 11.722373787220533], [4.943073067368232, 11.72684202384039], [4.941011066707404, 11.730830321062513], [4.919599999340562, 11.789900000884359], [4.923069092764479, 11.794832004393527], [4.926399998161457, 11.813799999570392], [4.926214813363003, 11.820218502382033], [4.934999999050774, 11.845100001364017], [4.937100000564612, 11.848700001903637], [4.968217072160201, 11.875682862174415], [4.944400000859389, 11.880800001019281], [4.866699639077126, 11.932737119022875], [4.870713298979638, 12.028601556716524], [4.860745447244653, 12.04760619207218], [4.864590656034011, 12.06765077016695], [4.864552585033834, 12.090912382400575], [4.874579633743167, 12.118243822594366], [4.866349958383921, 12.136425673606027], [4.861730543030205, 12.159646444028226], [4.872676064848577, 12.2081874485919], [4.875030323590636, 12.229728729697172], [4.950399998760986, 12.23129999999503], [4.952949494923303, 12.314414079046571], [4.966848472179322, 12.307863787783617], [4.997599999940121, 12.300700000604593], [5.064399999360546, 12.297400001309086], [5.084944098691267, 12.293941747413783], [5.102097787183197, 12.284901751414736], [5.11670000100429, 12.283399998711047], [5.12800687132011, 12.285681663278183], [5.133470723994776, 12.288787709385304], [5.147715273840845, 12.306466014694877], [5.160244080000325, 12.316112444233966], [5.171566434843157, 12.320224582598485], [5.177163792774877, 12.319318977888543], [5.181869850613168, 12.322488582682013], [5.203597103423647, 12.32247722694251], [5.241628344572518, 12.331262201289633], [5.276165744753371, 12.342041245107453], [5.311578238345078, 12.35577355010929], [5.321648654162118, 12.34924307001171], [5.333532640119302, 12.346050571176988], [5.341824464027866, 12.342084551061248], [5.348032137872906, 12.345550779245116], [5.352807206987052, 12.343957970184249], [5.360102841073285, 12.337522021424206], [5.384537242999386, 12.32426108528091], [5.39261931892645, 12.329487383835726], [5.39646995332572, 12.344877203220392], [5.422277869128379, 12.353262235563761], [5.43867349658467, 12.343040293874537], [5.454237335684525, 12.296730901210196], [5.465052427027956, 12.27128760383988], [5.469656470269911, 12.25259491362442], [5.475761024251938, 12.252433949367344], [5.519275897764544, 12.260593000966253], [5.541099998566153, 12.272842643173476], [5.566670184881161, 12.351511994782754], [5.652600001688768, 12.348299998646098], [5.691546668144269, 12.321700888984878], [5.750572373816055, 12.323924794593665], [5.755110099251738, 12.331008721974968], [5.753822381597672, 12.336916926974652], [5.756741420879905, 12.338779034424931], [5.772623778264801, 12.383487566398117], [5.765153279999936, 12.409535243256926], [5.735906600409351, 12.448566272415576], [5.717236595592453, 12.486925722044475], [5.728314097417694, 12.551139775780086], [5.723075590566111, 12.620634885991251], [5.689997315223991, 12.627355332582567], [5.677433761059262, 12.63192389756989], [5.694111665021353, 12.689136611365598], [5.686345871664685, 12.713864632047205], [5.674533037369827, 12.734807395444989], [5.649277917741756, 12.768875985338525], [5.620376442019221, 12.787068784696714], [5.588209408337548, 12.804081079078571], [5.623430730343955, 12.8599116167278], [5.6346804001804, 12.882928361554718], [5.681712693086354, 12.865173592287476], [5.688884638015679, 12.856550403278561], [5.733987466948065, 12.826781768863611], [5.81313276316655, 12.839669228252319], [5.836032163553568, 12.814770255442966], [5.847814536012095, 12.810546122705432], [5.852045235599178, 12.810314359320273], [5.883320047382313, 12.820349435378205], [5.947500002423226, 12.772500001373999], [5.950699999805181, 12.765299997596856], [5.961300001194161, 12.758599999790192], [5.961673507626301, 12.754693031857983], [5.986103859905256, 12.754733576893102], [6.024413255967033, 12.748793268794373], [6.034077602699256, 12.784066278436057], [6.030171060146358, 12.795346479356567], [6.009253555107534, 12.879831672893431], [6.005788094045329, 12.919101791314688], [6.043884559424953, 12.93795398978483], [6.048729423124428, 12.948325019284255], [6.055399998711039, 12.96669999970527], [6.05719999988014, 12.985499999725278], [6.054699997906653, 13.003300000394745], [6.046889104448667, 13.031196431570095], [6.102000001898602, 13.059799998770984], [6.190853311431226, 13.10076534104769], [6.229355021217316, 13.13545889681069], [6.261105669690949, 13.13579691059897], [6.258309332110059, 13.160332855876675], [6.300037315669613, 13.18245069324496], [6.327321070211269, 13.17955000283041], [6.347899999385504, 13.15729999929556], [6.355912950722143, 13.164134973650164], [6.369346605261683, 13.14902604671471], [6.362132411081973, 13.143994240042218], [6.359030961409815, 13.137130268846875], [6.391735743809591, 13.129825654130684], [6.402601602781772, 13.129135537774914], [6.412645467914047, 13.138048243731532], [6.4371213735526, 13.153363374420223], [6.448754913608411, 13.1583701358731], [6.453198266886545, 13.157197729291795], [6.450252297405655, 13.14621927070283], [6.450798960203883, 13.14094213437204], [6.45298230099246, 13.138846676233186], [6.459236590296427, 13.138859024824171], [6.46339598623581, 13.136312974863927], [6.466248142038182, 13.130642136025813], [6.460910418381161, 13.12456790088794], [6.455580338062191, 13.123736268114328], [6.453888796031151, 13.126151663668395], [6.452320110384846, 13.125665578303824], [6.450394903801794, 13.122054615927823], [6.452365363370859, 13.11693458036666], [6.462800000119955, 13.116900001433976], [6.481804577918979, 13.120835518344563], [6.50871287989554, 13.131519960677679], [6.516030458339003, 13.124134012174977], [6.520486953410227, 13.121819284032767], [6.519296178176148, 13.112948276042175], [6.522005726683005, 13.108225995333441], [6.523003981348722, 13.101906329813346], [6.518725746296184, 13.09343355601385], [6.520009217351571, 13.089683219405117], [6.526783089068374, 13.085238301306617], [6.525143098874935, 13.08107111813763], [6.519447034053428, 13.076946757986548], [6.525432793888399, 13.058042298113605], [6.528943141013201, 13.052912881724183], [6.542899684772692, 13.044245632230172], [6.551296491040262, 13.032534530144517], [6.560280015010733, 13.02774738313525], [6.574038297829247, 13.02539388701831], [6.58126297001013, 13.022535604134873], [6.65717722874615, 13.092758286565697], [6.683200001578882, 13.107200000179887], [6.685600000739498, 13.127700001254084], [6.687695734070928, 13.132893988966487], [6.743458595038192, 13.11846701613996], [6.792771964354699, 13.132260001997565], [6.753069698307968, 13.207041330792833], [6.748262537785934, 13.249290282620507], [6.744196504065485, 13.264388108324567], [6.73537079042967, 13.281849305601042], [6.712553535916982, 13.31145674013652], [6.65305311321066, 13.37092340858851], [6.623119408234174, 13.41337804076403], [6.558644432394715, 13.477823501753278], [6.495342785840933, 13.568414243922291], [6.462026699172895, 13.59001714027886], [6.40300098990383, 13.611333770736962], [6.384984538605636, 13.627596837224303], [6.296361289142226, 13.679041032317855], [6.232807261346068, 13.673522167214287], [6.155662935995736, 13.644746247641251], [6.138607038883777, 13.656386934609372], [6.116417259349078, 13.66442421620468], [6.089178450225347, 13.677598082685392], [5.944205353194548, 13.724883068898578], [5.923481298623074, 13.736220035026633], [5.876133878775534, 13.750741665995122], [5.859496297716021, 13.758683375737235], [5.838348747896418, 13.760874696210294], [5.824978340877806, 13.76380031493261], [5.712039794800717, 13.807989817576072], [5.7053672883697, 13.811321412753045], [5.70416810717245, 13.814612663443711], [5.694499235951014, 13.81698063235035], [5.692974676440201, 13.815193858409884], [5.631608975274048, 13.83633168655814], [5.557167683741682, 13.87526150781241], [5.530000892327394, 13.885713987110876], [5.451741276338907, 13.871105305365575], [5.350397653429013, 13.834135462081974], [5.332954801423, 13.810195839266612], [5.281272459556419, 13.756080685575228], [5.247521939186186, 13.742921164180416], [5.204739586862502, 13.735994803417498], [5.17859481829629, 13.741997661163168], [5.077932117972921, 13.751699834279975], [5.005710552000437, 13.73608118509867], [4.950179262862719, 13.734384195873986], [4.90888240979541, 13.745928096904208], [4.873527551055702, 13.78142202590584], [4.801356069227268, 13.768725558237975], [4.744634967130082, 13.765739391759553], [4.708388808296888, 13.758525131030012], [4.667108044100985, 13.735763921367948], [4.636685037784332, 13.72306504711429], [4.542326186604271, 13.702052676190078], [4.46508027563425, 13.681269359893122], [4.444792527153481, 13.674646263114596], [4.394354468384051, 13.653460349115846], [4.377786259228515, 13.640852167893286], [4.36909477030747, 13.620974466198732], [4.348835016822591, 13.606697714328106], [4.313246260606491, 13.564811610167737], [4.287695690303906, 13.541127834581971], [4.232408444793919, 13.499422486058961], [4.142499922933155, 13.476943968389492], [4.126472938375457, 13.468159089370545], [4.124885075585837, 13.45128138662676], [4.12815317323043, 13.366315158317946], [4.127366719698387, 13.300756583049917], [4.125776375679266, 13.286523685719544], [4.126404704113838, 13.249674072800246]]]}}, {"type": "Feature", "properties": {"shapeName": "Zamfara", "shapeISO": "NG-ZA", "shapeID": "27671186B21163522287660", "shapeGroup": "NGA", "shapeType": "ADM1", "stateId": "za", "stateName": "Zamfara", "stateCode": "ZA"}, "geometry": {"type": "Polygon", "coordinates": [[[4.941011066707404, 11.730830321062513], [4.944115656812187, 11.732272704122067], [4.945004086269591, 11.735019167100916], [4.95270490990373, 11.739277761859285], [4.960290826260689, 11.739732371851517], [4.963922884933254, 11.73851234257063], [4.96611004604182, 11.735996554797225], [4.973739565128881, 11.738160759811251], [4.977304761005939, 11.736973939795519], [4.98707339761927, 11.740674008798521], [4.987986823732967, 11.745018403376662], [4.989861863434271, 11.746425833385558], [4.995299481985569, 11.744651246158128], [5.000487095303242, 11.747955641339843], [5.005700477794846, 11.74657853107442], [5.007116690582848, 11.7497384213911], [5.00876500040448, 11.749313744433834], [5.010005624160272, 11.745441324857325], [5.014548697864143, 11.744241265921744], [5.027330164055854, 11.733600239259658], [5.028457954371163, 11.730967078268122], [5.027156656954219, 11.723067443307912], [5.030279768596472, 11.719839569640499], [5.034183658149345, 11.719499792281624], [5.038087547702219, 11.72340721706945], [5.04407351168328, 11.723831933596898], [5.051568978725413, 11.720094404233407], [5.056600660392235, 11.71278908534805], [5.062846882777478, 11.708116977816303], [5.065536228913857, 11.70888151037343], [5.065102464307358, 11.71142993544322], [5.071175181389549, 11.71992451510431], [5.073170501817231, 11.72688987496781], [5.081412046428852, 11.732326131945456], [5.10301356772203, 11.737847220173137], [5.12487535011735, 11.729777900229976], [5.127304436950226, 11.730967078268122], [5.129560016681467, 11.728928484262212], [5.134157931943037, 11.728418833062733], [5.134851955853151, 11.73028754783212], [5.140404155227657, 11.730457430665922], [5.145002068690587, 11.732496012980675], [5.145869598803017, 11.736912890217752], [5.147864921029338, 11.737847221072457], [5.151161538873964, 11.738526731723312], [5.156540232046098, 11.736743011880549], [5.158882564878525, 11.740735131221356], [5.162873208431847, 11.741754385956199], [5.163827491645463, 11.743283261313536], [5.168165146704212, 11.743623009894065], [5.170247221132399, 11.742179073705358], [5.177447729429218, 11.74413263321452], [5.181866194869031, 11.751826193024442], [5.18402907877902, 11.759703362919936], [5.183596503076217, 11.766140452919615], [5.182904380332957, 11.767326217131256], [5.172955106792813, 11.769020154956252], [5.166206904425167, 11.779861116197594], [5.170359643582742, 11.783333520925282], [5.174166321818348, 11.783418212780362], [5.177280878210013, 11.787822174853545], [5.17788648617244, 11.792395444194426], [5.182471802831458, 11.791971996610414], [5.189825614060908, 11.786551808719025], [5.190643946760758, 11.784146345277634], [5.195189570042658, 11.783587598289103], [5.214136447339229, 11.775118249107948], [5.214915085762641, 11.771984522767582], [5.213876901198091, 11.770459994733017], [5.215251570703458, 11.768421089561684], [5.22071161924589, 11.765547570364106], [5.219327371960674, 11.757755266792174], [5.237968523828386, 11.755887054743823], [5.25380455263803, 11.764812722629074], [5.254775863615237, 11.767302212427182], [5.25165152259973, 11.77432532585317], [5.257913250196395, 11.773509042708213], [5.263796297561157, 11.775118249107948], [5.270796733682346, 11.780028915302239], [5.274264664282896, 11.775880500984385], [5.283694844641388, 11.7724926972802], [5.286549853992597, 11.769274244910548], [5.288020616058645, 11.769443637613847], [5.292810509597416, 11.774221912811072], [5.295807003890161, 11.77452538363957], [5.300005213669749, 11.780929536868655], [5.301528185877146, 11.79081645861271], [5.309547473836915, 11.793685887693584], [5.315757647797284, 11.79082689974166], [5.317694485312302, 11.787576648243771], [5.317510023568786, 11.777855753939946], [5.313175199575824, 11.7722879045632], [5.297104734595848, 11.760719756011952], [5.296153065711451, 11.755298951185694], [5.307054009035312, 11.758263467385177], [5.319252683064917, 11.773085567245175], [5.327990740680207, 11.772153914571561], [5.336642282615287, 11.749454527004843], [5.336522459643845, 11.739583118566145], [5.340795022672182, 11.734461742115741], [5.352709350855889, 11.729631103892359], [5.355875245046548, 11.722216657672675], [5.350755623173541, 11.715486235801166], [5.349044329332401, 11.710068265637972], [5.349867734208601, 11.709346592071597], [5.362278337075622, 11.71012412163094], [5.36587205405209, 11.713885060347309], [5.368933368780006, 11.71436913662643], [5.375879404011357, 11.709597943590268], [5.385377085684013, 11.712111451582246], [5.394025374771275, 11.710734290055484], [5.397009205710333, 11.712030103406619], [5.401307447081081, 11.705280814657897], [5.405169191704886, 11.702879427843357], [5.412763058968039, 11.704334042582047], [5.422232803201382, 11.70873024620397], [5.428452297735419, 11.706719595033348], [5.440152410105668, 11.708834958766374], [5.454130418883778, 11.698928614364092], [5.456369988883921, 11.695071850185798], [5.460231318020931, 11.684408749664101], [5.459459053092871, 11.67813169761979], [5.459999638272734, 11.673064576369143], [5.461490378778024, 11.67135585908568], [5.465911222025341, 11.669307516428773], [5.471197490971463, 11.66383763919572], [5.481314170612507, 11.664820851800926], [5.49722284395915, 11.655896177666534], [5.502474250686191, 11.65816518967182], [5.505794992844699, 11.66308132014683], [5.514074767636487, 11.664809060789594], [5.515529790667358, 11.67050807808539], [5.520473529429864, 11.66948390495827], [5.527508849353978, 11.661290384143967], [5.541600000040035, 11.665700001154164], [5.551475611010687, 11.672560530644034], [5.553734519132774, 11.676689928797202], [5.564082545772919, 11.68435968175396], [5.580244767681904, 11.675421763303802], [5.604899999035752, 11.668600000889398], [5.639368533630943, 11.662856102027547], [5.669687793257083, 11.66144479683993], [5.691022753697155, 11.667316959709979], [5.696197120001159, 11.670603353162278], [5.705030877173272, 11.68797303542732], [5.760735970188932, 11.686552657878906], [5.780325804292488, 11.683898112807697], [5.787831458854782, 11.67887171285929], [5.819493435973357, 11.648439852717104], [5.822276622767959, 11.634334556594581], [5.828838815658855, 11.624814756096157], [5.829755850751951, 11.591749678305064], [5.826582826736114, 11.586091803194222], [5.826119352126454, 11.57924631666424], [5.820022866861848, 11.574670924923282], [5.821365963868175, 11.566340333939308], [5.817199569404636, 11.56011971974931], [5.817856418938618, 11.557087797563838], [5.815951750173156, 11.55319209723757], [5.817341900608255, 11.547738147897235], [5.815895529055467, 11.542371912134115], [5.817156133948458, 11.536774484954549], [5.816443093873715, 11.515465361137558], [5.824571741192926, 11.498486769748695], [5.82371594903185, 11.456670345060445], [5.826753971318794, 11.444297114420351], [5.835453048719273, 11.435351531947674], [5.844152127019072, 11.432765647416716], [5.876053025227009, 11.439618329422387], [5.890599024225651, 11.440456976908024], [5.933799054982444, 11.436640112051577], [5.936603889358082, 11.443825964097016], [5.946273084335417, 11.449542172833048], [5.961160573901395, 11.454054888122641], [5.967953207274718, 11.46691018865431], [6.009543367032791, 11.462646689892892], [6.025650856202105, 11.44492666683226], [6.030053175213936, 11.443553650280762], [6.038846728194017, 11.420729281231388], [6.052944469111992, 11.40154307994925], [6.079570357885757, 11.388411993318869], [6.092288125096957, 11.386291684213916], [6.154296308228083, 11.383021879656098], [6.17758892099198, 11.383953894756473], [6.200881533755819, 11.390011927708372], [6.204431513103884, 11.383673602155056], [6.174735030397358, 11.35938916577743], [6.190564498652748, 11.334081656143553], [6.17308068432618, 11.317856056311996], [6.147758731580268, 11.305567019302543], [6.135723549802037, 11.29537450702793], [6.108666624065506, 11.238398562243901], [6.109083029957901, 11.235424235340247], [6.116518844968766, 11.223883849759886], [6.117237311552742, 11.207402428779119], [6.105919500984214, 11.183345423752371], [6.09569999915567, 11.17689999973527], [6.076253513388963, 11.168688612989172], [6.069278546068119, 11.164187539423438], [6.046835324090978, 11.162614907551983], [6.054707277019247, 11.201647152594091], [6.065878854225787, 11.210197217727455], [6.06993779409396, 11.227078237170986], [6.059071077168539, 11.229763896086979], [6.05522066490181, 11.217762159196354], [6.048461053734684, 11.209704767860785], [6.032374890189089, 11.18133425457222], [6.025346173986804, 11.171727790904868], [6.015900000984288, 11.138], [6.014041581653714, 11.129651230120203], [6.016665566862457, 11.118289034411475], [6.026292323731809, 11.10103765616293], [6.032699997806674, 11.07530000079447], [6.039900000684554, 11.066500002373232], [6.046399999160656, 11.054400001059264], [6.065985387915362, 11.055010036384147], [6.112670413009198, 11.061291812567163], [6.119951564413213, 11.059721368746239], [6.12751824966756, 11.053867894687642], [6.162639094918347, 11.043017554416679], [6.196141905124875, 11.017652498963685], [6.208277157165128, 11.004803410049362], [6.223505707422532, 10.996475295798291], [6.242303449244844, 10.988623074895031], [6.266548480927725, 10.966106377407414], [6.280232282793691, 10.963637651156716], [6.283061246879072, 10.968431076333161], [6.283207934398717, 10.97456161082971], [6.286979885313485, 10.975240489257203], [6.287460061232878, 10.979387145400494], [6.292721633896349, 10.985320597967245], [6.296388809296161, 10.992623319610573], [6.30139712207955, 10.994145555273178], [6.300860309555674, 10.999074762790144], [6.313096827056995, 11.010384233045954], [6.320120263339504, 11.010209253754113], [6.322188077218016, 11.011679070632624], [6.324255891096527, 11.017663247660778], [6.327428915112364, 11.019587958717352], [6.326216747704791, 11.02270246114972], [6.321972494435101, 11.021391398893968], [6.322425724867344, 11.02406546015294], [6.328605429796824, 11.027146694864143], [6.334701915061373, 11.02466213155219], [6.338302762762339, 11.02095274467348], [6.340905355797588, 11.021092722351284], [6.344196968915014, 11.024183432319603], [6.346752277395751, 11.022212541075987], [6.353810074075682, 11.022312623029165], [6.364804655710316, 11.017663432921154], [6.37177995218309, 11.024697125971613], [6.374853611005392, 11.030956268017405], [6.378268609308918, 11.030506071897776], [6.382475539814379, 11.032605662421417], [6.386468557577928, 11.0321507520556], [6.391611113961801, 11.033845811335198], [6.395595461361495, 11.031835813971668], [6.403724107781386, 11.03292059960603], [6.40693278362113, 11.02889637536748], [6.411282323220689, 11.031065963723279], [6.418983145955451, 11.027741587404364], [6.42155008716685, 11.017768232717799], [6.42625614590446, 11.01265894405509], [6.427130554931239, 11.00952863963505], [6.431764590563432, 11.007468569818684], [6.437006005822582, 11.007609595206702], [6.458183208987975, 11.015937706759814], [6.479122465929095, 11.029500635246166], [6.488640310402047, 11.032712908374094], [6.510769296665785, 11.043658428393826], [6.533374177176597, 11.047941457732122], [6.551577054337656, 11.041754858599916], [6.572159391043101, 11.024503767235103], [6.572041277682843, 11.022145463342497], [6.577289365911554, 11.021567448379074], [6.57807764506731, 11.02527348888043], [6.584562364961243, 11.023900397685281], [6.585893372381292, 11.024973546991646], [6.587557129857714, 11.030852473662776], [6.598775613004193, 11.041256954344988], [6.599821404034628, 11.04466282363046], [6.60319645625151, 11.045969176136623], [6.622686194012715, 11.047042245403361], [6.624159807828903, 11.049095063086725], [6.627154572725374, 11.048068655144391], [6.643031578244802, 11.050634667356064], [6.644249960867057, 11.048816674350064], [6.646422089807629, 11.049294414006056], [6.656531787112328, 11.051987645213728], [6.660781331992951, 11.055841234785191], [6.662045956855479, 11.054693583841868], [6.663804787061338, 11.055626660142309], [6.663800000869401, 11.061500002023536], [6.668605916729746, 11.062811248640287], [6.675308484798791, 11.056373119923592], [6.676782100413675, 11.057306189928795], [6.682981399771847, 11.065040463846401], [6.681096866826977, 11.08114465520174], [6.687418519848848, 11.091662970269908], [6.695984165736718, 11.093595574676101], [6.700930359648453, 11.09658578720439], [6.707014961271511, 11.094253416162303], [6.715999997901633, 11.106221807090776], [6.714203735214255, 11.110998324113439], [6.698594471357808, 11.114044033805158], [6.690875429257687, 11.120890682259244], [6.688220020837321, 11.127940087365175], [6.68498395434608, 11.151544340399028], [6.686050447770015, 11.1794325562675], [6.689076626884855, 11.203616464628169], [6.692788585824644, 11.216322786167723], [6.703353393144653, 11.239022843729288], [6.711205614047913, 11.249159348924877], [6.730479249218035, 11.258153710625322], [6.758401318266294, 11.26344163432401], [6.760635507622624, 11.267078000749166], [6.764295775329799, 11.267264479672065], [6.766773547861021, 11.27216231164141], [6.766536649346961, 11.296906279101563], [6.767893513175125, 11.30821347766988], [6.770643218210012, 11.320118586903334], [6.773998257813389, 11.322402870296287], [6.787132883276001, 11.319833053053003], [6.815329495559808, 11.308126104036546], [6.819545589257586, 11.308408915639006], [6.822504530559684, 11.310651085579195], [6.825148718138905, 11.308029110355221], [6.829486373197597, 11.307184244957], [6.835676843911244, 11.310018462881828], [6.83620082490819, 11.316128027886236], [6.839857008793956, 11.318864524578203], [6.835321349101037, 11.328827733113428], [6.833358292751086, 11.337393793588774], [6.832882401201914, 11.35196799172951], [6.844541759894355, 11.360355591637301], [6.877891037841152, 11.366200469975752], [6.889442272842643, 11.383641353365817], [6.886931418750009, 11.396202088155917], [6.886931418750009, 11.431178093094559], [6.900759220062014, 11.458833693919871], [6.907266617260632, 11.475102425236798], [6.895878791772873, 11.505198480325646], [6.907266617260632, 11.529600143332004], [6.904012680340998, 11.553189277862941], [6.876100000214876, 11.574400000559649], [6.867400001908607, 11.577599998840924], [6.856800001419003, 11.589000002947841], [6.854400001359011, 11.595199998381247], [6.852000002198395, 11.620700001603836], [6.85519999958035, 11.64189999898582], [6.86580000096933, 11.662999998950852], [6.868999999250605, 11.678499999675296], [6.881150394075462, 11.705599402190728], [6.880761111735978, 11.710889489658257], [6.883955527925309, 11.716810134979767], [6.885495693371581, 11.735417216031749], [6.883974542291355, 11.744725522065266], [6.885816559786463, 11.752346464317895], [6.883083243097246, 11.755371512085674], [6.882548463940509, 11.758396526578508], [6.886232499830044, 11.761305164301916], [6.891954540669587, 11.776195992151372], [6.891322210251872, 11.779118973162156], [6.895384161050231, 11.783381631956786], [6.896081055596312, 11.78747661935057], [6.902227480214094, 11.788979070827509], [6.900385461819667, 11.793894102331024], [6.901247051010671, 11.797558506020266], [6.902210167365354, 11.79885044419268], [6.909862941121901, 11.785779890929291], [6.917399338109021, 11.785866567588073], [6.922457162168371, 11.787430099219762], [6.92863683472217, 11.792920999004934], [6.933315926388957, 11.793384344112212], [6.934395340372703, 11.794892345305527], [6.943528183279057, 11.797713348592197], [6.946950770961337, 11.80361118800596], [6.952730086924021, 11.800333080907023], [6.963635888385568, 11.804413841925339], [6.973440176822749, 11.803157512409314], [6.977130155432349, 11.809121150720557], [6.977664933689766, 11.808103308820705], [6.982121428760991, 11.809411962691968], [6.985656914634944, 11.812436381833606], [6.987796033060533, 11.810197151777174], [6.990949084033048, 11.810842078998803], [6.992193108125491, 11.812698109730036], [6.993712646721292, 11.811031611120029], [6.998751458213292, 11.810612845406524], [7.01733764801412, 11.81558492000812], [7.021426103631825, 11.811078140244035], [7.037323622687097, 11.800914507898256], [7.042609992357313, 11.790379245106124], [7.049715856002024, 11.788524178448142], [7.060018306799464, 11.789875414318942], [7.06260000228832, 11.804499998775952], [7.072400000059986, 11.808600000789454], [7.074800000119978, 11.817499999325548], [7.10076347975081, 11.82045098972145], [7.141816020293163, 11.849309142403058], [7.14623686264116, 11.865917348906578], [7.147055341031205, 11.881031894806142], [7.144668176095479, 11.887269272359106], [7.140817764728126, 11.911340510056561], [7.145807957970931, 11.912370073719956], [7.164957096392925, 11.909046176739707], [7.171399998711024, 11.910599999290582], [7.182500000674565, 11.909499998925867], [7.191574971307944, 11.90676977320652], [7.190962783905377, 11.903697263717788], [7.193064324159309, 11.90065155402607], [7.199764885840864, 11.90051449734625], [7.20597813458329, 11.906910489227755], [7.205295247877416, 11.908544425185141], [7.217083732128572, 11.912873483624423], [7.226416836967474, 11.913511152417811], [7.246568182575629, 11.932563021066642], [7.24379739743199, 11.938864112888552], [7.23787917128675, 11.945537883766349], [7.225543592562815, 11.952234743838403], [7.22351105639018, 11.951774474412503], [7.222318309842194, 11.94959407440706], [7.22032180141008, 11.949761493997812], [7.220466562581862, 11.960920798156337], [7.211063318717208, 11.964171648602758], [7.209540647782717, 11.975933702678276], [7.211924544582132, 11.97971803455971], [7.210800652827913, 11.985461921730348], [7.208216741409558, 11.988018277921242], [7.198811976791319, 11.990172903356836], [7.197290826610413, 11.992637331747517], [7.196904609160413, 11.998385843232143], [7.195393951369795, 11.999425145654016], [7.191971362788195, 12.001545414289467], [7.185981832995253, 12.001991783793812], [7.180448648886113, 12.007906114975299], [7.17651267332127, 12.00835247368775], [7.171606964190119, 12.0142666663736], [7.170523144427648, 12.02034810687968], [7.160027207189898, 12.021966079870765], [7.153866549002089, 12.025592539364254], [7.153296117122181, 12.029609482691512], [7.148669919081556, 12.033022443131301], [7.150309908375618, 12.041809187344143], [7.147315145277787, 12.047457656445715], [7.143464733011058, 12.06398397518035], [7.141396919132546, 12.065099639936477], [7.137554202364583, 12.0619341045753], [7.13169958706635, 12.064890453131966], [7.130271576072403, 12.068389018238634], [7.136626686572356, 12.077929443788832], [7.136398515079463, 12.085571253010983], [7.133261141988157, 12.090256633636784], [7.117235417380641, 12.093964401735775], [7.126099999715279, 12.113499998626082], [7.127889920383552, 12.124470974855626], [7.135073831692011, 12.131824384088077], [7.145599998740977, 12.14719999958038], [7.156845295174264, 12.185125079358954], [7.149952583445042, 12.206962726648555], [7.150427942595513, 12.231585999694175], [7.139494674939328, 12.24319995611313], [7.093265967650325, 12.28256746211872], [7.082808060043988, 12.32935952002589], [7.084709498444624, 12.347470332689738], [7.074726949089495, 12.374982442186024], [7.0683000007445, 12.411299999995038], [7.059400000409767, 12.48860000068953], [7.053700000154947, 12.516300001044272], [7.053700000154947, 12.529300000694548], [7.051199999980042, 12.53990000208347], [7.05210000011499, 12.55339999871103], [7.05021977222475, 12.575078061303543], [7.051600002238388, 12.587000002248374], [7.046000000299841, 12.61960000193858], [7.047200002578109, 12.637699999355561], [7.044474471319859, 12.65885700914373], [7.03928775282759, 12.658740127854685], [7.03500455531605, 12.661370259929583], [6.988991772552311, 12.673441929001854], [7.043014568567514, 12.719585605391444], [7.06071415723261, 12.739841594314157], [7.060438887344844, 12.761706796831277], [7.066412750947734, 12.799634479247857], [7.066472242899749, 12.810573151829544], [7.056076722163027, 12.823255149405668], [7.068569167832891, 12.832182070945862], [7.063282557144362, 12.83814585135002], [7.062857569920936, 12.843599994943872], [7.06490990916501, 12.859538749713579], [7.064952490265284, 12.877241341214983], [7.066430050306622, 12.88173323989713], [7.065061015053857, 12.885653537580765], [7.066216901988469, 12.892510190992596], [7.063893584421407, 12.903127360439385], [7.065561550725022, 12.907517848869702], [7.064487782685092, 12.91019344077472], [7.065400001009266, 12.912599998691064], [7.061350442868672, 12.912805248263624], [7.06205156602698, 12.91911263623922], [7.060328387645029, 12.91830181377776], [7.05511161380997, 12.930380937330426], [7.049216859970159, 12.934749416652323], [7.050167579170477, 12.937413363236146], [7.052009596665584, 12.938224123644432], [7.05088061924522, 12.94169878297248], [7.05218785668427, 12.943262363167548], [7.056228411711857, 12.943899374556565], [7.057892170087655, 12.949864039893555], [7.059793607588972, 12.95113802669863], [7.056584931749228, 12.955481118159128], [7.049276279976368, 12.961213881615379], [7.048741500819631, 12.968741553380028], [7.050207992005255, 12.970298230379058], [7.050524099207848, 12.981364368370976], [7.048951133687922, 12.9868121285769], [7.051746248190852, 12.989646901383423], [7.051266663126057, 12.995474501047454], [6.933332443337633, 12.997220992554787], [6.806388854861837, 13.108055115151501], [6.792771964354699, 13.132260001997565], [6.743458595038192, 13.11846701613996], [6.687695734070928, 13.132893988966487], [6.685600000739498, 13.127700001254084], [6.683200001578882, 13.107200000179887], [6.65717722874615, 13.092758286565697], [6.58126297001013, 13.022535604134873], [6.574038297829247, 13.02539388701831], [6.560280015010733, 13.02774738313525], [6.551296491040262, 13.032534530144517], [6.542899684772692, 13.044245632230172], [6.528943141013201, 13.052912881724183], [6.525432793888399, 13.058042298113605], [6.519447034053428, 13.076946757986548], [6.525143098874935, 13.08107111813763], [6.526783089068374, 13.085238301306617], [6.520009217351571, 13.089683219405117], [6.518725746296184, 13.09343355601385], [6.523003981348722, 13.101906329813346], [6.522005726683005, 13.108225995333441], [6.519296178176148, 13.112948276042175], [6.520486953410227, 13.121819284032767], [6.516030458339003, 13.124134012174977], [6.50871287989554, 13.131519960677679], [6.481804577918979, 13.120835518344563], [6.462800000119955, 13.116900001433976], [6.452365363370859, 13.11693458036666], [6.450394903801794, 13.122054615927823], [6.452320110384846, 13.125665578303824], [6.453888796031151, 13.126151663668395], [6.455580338062191, 13.123736268114328], [6.460910418381161, 13.12456790088794], [6.466248142038182, 13.130642136025813], [6.46339598623581, 13.136312974863927], [6.459236590296427, 13.138859024824171], [6.45298230099246, 13.138846676233186], [6.450798960203883, 13.14094213437204], [6.450252297405655, 13.14621927070283], [6.453198266886545, 13.157197729291795], [6.448754913608411, 13.1583701358731], [6.4371213735526, 13.153363374420223], [6.412645467914047, 13.138048243731532], [6.402601602781772, 13.129135537774914], [6.391735743809591, 13.129825654130684], [6.359030961409815, 13.137130268846875], [6.362132411081973, 13.143994240042218], [6.369346605261683, 13.14902604671471], [6.355912950722143, 13.164134973650164], [6.347899999385504, 13.15729999929556], [6.327321070211269, 13.17955000283041], [6.300037315669613, 13.18245069324496], [6.258309332110059, 13.160332855876675], [6.261105669690949, 13.13579691059897], [6.229355021217316, 13.13545889681069], [6.190853311431226, 13.10076534104769], [6.102000001898602, 13.059799998770984], [6.046889104448667, 13.031196431570095], [6.054699997906653, 13.003300000394745], [6.05719999988014, 12.985499999725278], [6.055399998711039, 12.96669999970527], [6.048729423124428, 12.948325019284255], [6.043884559424953, 12.93795398978483], [6.005788094045329, 12.919101791314688], [6.009253555107534, 12.879831672893431], [6.030171060146358, 12.795346479356567], [6.034077602699256, 12.784066278436057], [6.024413255967033, 12.748793268794373], [5.986103859905256, 12.754733576893102], [5.961673507626301, 12.754693031857983], [5.961300001194161, 12.758599999790192], [5.950699999805181, 12.765299997596856], [5.947500002423226, 12.772500001373999], [5.883320047382313, 12.820349435378205], [5.852045235599178, 12.810314359320273], [5.847814536012095, 12.810546122705432], [5.836032163553568, 12.814770255442966], [5.81313276316655, 12.839669228252319], [5.733987466948065, 12.826781768863611], [5.688884638015679, 12.856550403278561], [5.681712693086354, 12.865173592287476], [5.6346804001804, 12.882928361554718], [5.623430730343955, 12.8599116167278], [5.588209408337548, 12.804081079078571], [5.620376442019221, 12.787068784696714], [5.649277917741756, 12.768875985338525], [5.674533037369827, 12.734807395444989], [5.686345871664685, 12.713864632047205], [5.694111665021353, 12.689136611365598], [5.677433761059262, 12.63192389756989], [5.689997315223991, 12.627355332582567], [5.723075590566111, 12.620634885991251], [5.728314097417694, 12.551139775780086], [5.717236595592453, 12.486925722044475], [5.735906600409351, 12.448566272415576], [5.765153279999936, 12.409535243256926], [5.772623778264801, 12.383487566398117], [5.756741420879905, 12.338779034424931], [5.753822381597672, 12.336916926974652], [5.755110099251738, 12.331008721974968], [5.750572373816055, 12.323924794593665], [5.691546668144269, 12.321700888984878], [5.652600001688768, 12.348299998646098], [5.566670184881161, 12.351511994782754], [5.541099998566153, 12.272842643173476], [5.519275897764544, 12.260593000966253], [5.475761024251938, 12.252433949367344], [5.469656470269911, 12.25259491362442], [5.465052427027956, 12.27128760383988], [5.454237335684525, 12.296730901210196], [5.43867349658467, 12.343040293874537], [5.422277869128379, 12.353262235563761], [5.39646995332572, 12.344877203220392], [5.39261931892645, 12.329487383835726], [5.384537242999386, 12.32426108528091], [5.360102841073285, 12.337522021424206], [5.352807206987052, 12.343957970184249], [5.348032137872906, 12.345550779245116], [5.341824464027866, 12.342084551061248], [5.333532640119302, 12.346050571176988], [5.321648654162118, 12.34924307001171], [5.311578238345078, 12.35577355010929], [5.276165744753371, 12.342041245107453], [5.241628344572518, 12.331262201289633], [5.203597103423647, 12.32247722694251], [5.181869850613168, 12.322488582682013], [5.177163792774877, 12.319318977888543], [5.171566434843157, 12.320224582598485], [5.160244080000325, 12.316112444233966], [5.147715273840845, 12.306466014694877], [5.133470723994776, 12.288787709385304], [5.12800687132011, 12.285681663278183], [5.11670000100429, 12.283399998711047], [5.102097787183197, 12.284901751414736], [5.084944098691267, 12.293941747413783], [5.064399999360546, 12.297400001309086], [4.997599999940121, 12.300700000604593], [4.966848472179322, 12.307863787783617], [4.952949494923303, 12.314414079046571], [4.950399998760986, 12.23129999999503], [4.875030323590636, 12.229728729697172], [4.872676064848577, 12.2081874485919], [4.861730543030205, 12.159646444028226], [4.866349958383921, 12.136425673606027], [4.874579633743167, 12.118243822594366], [4.864552585033834, 12.090912382400575], [4.864590656034011, 12.06765077016695], [4.860745447244653, 12.04760619207218], [4.870713298979638, 12.028601556716524], [4.866699639077126, 11.932737119022875], [4.944400000859389, 11.880800001019281], [4.968217072160201, 11.875682862174415], [4.937100000564612, 11.848700001903637], [4.934999999050774, 11.845100001364017], [4.926214813363003, 11.820218502382033], [4.926399998161457, 11.813799999570392], [4.923069092764479, 11.794832004393527], [4.919599999340562, 11.789900000884359], [4.941011066707404, 11.730830321062513]]]}}, {"type": "Feature", "properties": {"shapeName": "Katsina", "shapeISO": "NG-KT", "shapeID": "27671186B99661334382691", "shapeGroup": "NGA", "shapeType": "ADM1", "stateId": "kt", "stateName": "Katsina", "stateCode": "KT"}, "geometry": {"type": "Polygon", "coordinates": [[[6.889442272842643, 11.383641353365817], [6.89774917928122, 11.381299652756809], [6.897991355916417, 11.384070063782474], [6.919288060095937, 11.384913448896611], [6.934461554756979, 11.375405797339738], [6.940347164290245, 11.374158888222155], [6.949636475742807, 11.365897128649635], [6.961312151734489, 11.358762770885221], [6.975470433213957, 11.35738480086792], [6.988540937914024, 11.360675173820255], [7.006193161085548, 11.361789702732665], [7.013628480569992, 11.349229694594783], [7.013421669774289, 11.346011924810512], [7.009896910114378, 11.347400386318839], [7.008189352956322, 11.34075248803697], [7.009618828046541, 11.33091204865218], [7.007574782350389, 11.310985832130484], [7.008699893585288, 11.293840408408187], [6.996993065077959, 11.28108978266738], [6.984107017624808, 11.270629883062725], [6.972404957322965, 11.255570411645238], [6.96773385972989, 11.245169639767084], [6.97570038266656, 11.239037302129816], [6.999067724595875, 11.226764455615182], [7.025450174985622, 11.209558833973063], [7.040246529953436, 11.204838377988779], [7.046901562557139, 11.204838377988779], [7.058421297904601, 11.200257194613869], [7.061356391884033, 11.207753497126248], [7.068960525807654, 11.203290701404796], [7.07665540672167, 11.195305185685811], [7.084558257657534, 11.181023972278524], [7.089893864310454, 11.174849943869845], [7.095753850359927, 11.16952325489433], [7.118678839157155, 11.156086292648354], [7.123350469148875, 11.145043960610337], [7.129292461677835, 11.138164558847336], [7.144266285260926, 11.130118950429278], [7.152109716190523, 11.128836295958365], [7.173025532302518, 11.134899700560766], [7.200276174705721, 11.151728553030352], [7.200074029592827, 11.173159013377813], [7.206467072597377, 11.185571824979775], [7.219711441429922, 11.194185952419843], [7.218499274921669, 11.199851631847366], [7.211368883167495, 11.202439621691212], [7.202741109414717, 11.222163542013902], [7.200578222806769, 11.2285047525923], [7.199033305342823, 11.243424696892305], [7.195329319792336, 11.252239284115717], [7.194785908043286, 11.257561206684386], [7.20995729919008, 11.261107234411384], [7.21512683343667, 11.269965041253727], [7.222121764807639, 11.276117560577006], [7.227398255425214, 11.278634940150425], [7.249561889869369, 11.272935842814945], [7.252711145702847, 11.272877569444347], [7.260497912148992, 11.27852841005813], [7.265652729889609, 11.278116507970537], [7.27328224987599, 11.274410353255234], [7.283993012667452, 11.275450397617817], [7.289577098404436, 11.28432877735122], [7.297569709774336, 11.273647057265919], [7.320196818828151, 11.265069082572154], [7.341207706770319, 11.262365105365348], [7.35778190810862, 11.264257115273722], [7.364614403931625, 11.290343927929996], [7.364293097748316, 11.311269759791628], [7.370110035050118, 11.333200455436724], [7.380634784767551, 11.349410057228397], [7.392313004041966, 11.374830245619364], [7.397914129233698, 11.37804232269508], [7.405453074000206, 11.375336200605204], [7.427571578665493, 11.37404689564778], [7.454370118386294, 11.378406193790852], [7.467724414050508, 11.377658567588867], [7.472503995962711, 11.376015752624937], [7.482975799893325, 11.357613225070338], [7.489499212218902, 11.352181935947613], [7.496358522228093, 11.351569072254904], [7.505628030609159, 11.356462664820185], [7.520295247427782, 11.361600846002318], [7.521892455072816, 11.353547491723418], [7.521725197360013, 11.340404114958005], [7.52990138733918, 11.339158730191286], [7.538319003019637, 11.334511916092083], [7.550928435199182, 11.331396678913677], [7.562183876884433, 11.323247361576534], [7.573983846377473, 11.319052097076678], [7.60750208175574, 11.271802082799923], [7.631040465744945, 11.284929868918368], [7.647929115935995, 11.290018352664902], [7.651666308053734, 11.293006837595556], [7.653757889215285, 11.291981293002323], [7.657991069132606, 11.292974461102574], [7.663985248420545, 11.297479568127642], [7.664311552136496, 11.30002248215186], [7.668830038375631, 11.296909729800234], [7.675328314650073, 11.306153256767459], [7.684484926638106, 11.30625774899596], [7.683486080218472, 11.309658413904742], [7.689808360967106, 11.308847348626273], [7.706176062675183, 11.310041560169907], [7.706567778580165, 11.318093115804686], [7.707662862351242, 11.318281666765586], [7.708375900627345, 11.315801924719096], [7.715667914942344, 11.317955384633365], [7.71871021620359, 11.32133936172221], [7.717129844766589, 11.322474531874207], [7.721179651120053, 11.324992108399158], [7.716461418259883, 11.336082552367941], [7.717973060808163, 11.33680964524899], [7.713267002070552, 11.348391610084775], [7.717748107089506, 11.364561314353239], [7.720486177595092, 11.369706341174776], [7.730125444034059, 11.371637895172796], [7.741586818776739, 11.368297199756], [7.750667224912547, 11.371434143870715], [7.74934139938614, 11.373361212050327], [7.750362575072813, 11.381725607650708], [7.748175921181883, 11.38759728758481], [7.739993186836159, 11.391367401184652], [7.719514904389371, 11.408776096040071], [7.722348714921281, 11.415519916910682], [7.70569209431477, 11.42602839789231], [7.6944776050575, 11.420322715720829], [7.695207600050765, 11.43149014705267], [7.69306175289762, 11.433996750050028], [7.69396738728517, 11.453977135436503], [7.692107179202992, 11.460534659047312], [7.687400395611803, 11.469605723025722], [7.675170903614344, 11.48325213108103], [7.679354413975091, 11.492178888045316], [7.680050860658753, 11.506551758556839], [7.682642169000928, 11.510675202298785], [7.682296549646082, 11.516548971357963], [7.67960486886966, 11.523740264301807], [7.697987018686035, 11.5353797947418], [7.700275286974943, 11.539562743026238], [7.71120349774327, 11.549004336680866], [7.718539932272108, 11.569013019235513], [7.716868408250491, 11.571671166091505], [7.713192940202077, 11.57323646579033], [7.706823684265657, 11.582183834316538], [7.704876688908143, 11.592487098101174], [7.710589092612565, 11.597401261758876], [7.721491625937858, 11.599717758867541], [7.721983133315007, 11.603416163225404], [7.736461718233784, 11.608553466669207], [7.739544721012123, 11.616753045316841], [7.758155043220711, 11.623737293641227], [7.766854120621247, 11.628626162967123], [7.786823964154678, 11.629824338722301], [7.793275363267469, 11.625508645107914], [7.796547122052061, 11.625359928717785], [7.797885568664128, 11.630564999675016], [7.814393078977446, 11.638149531975387], [7.820166792163775, 11.634908947290114], [7.828212504003886, 11.635885470737946], [7.832387753192279, 11.631903447186403], [7.839674852712335, 11.63220087906734], [7.841162015714474, 11.632944461018099], [7.844855957636412, 11.641844807591838], [7.853802902581947, 11.648262241109592], [7.857818242417977, 11.649749404111787], [7.86599764027892, 11.648857106670164], [7.86599764027892, 11.652723731015442], [7.870905277556574, 11.659267248584683], [7.881761570440176, 11.653616027557689], [7.891725562284932, 11.654954475069019], [7.897026479388558, 11.648888742121812], [7.90104695255485, 11.64964696143818], [7.902302970006133, 11.653218495737065], [7.900948194403725, 11.661528642432927], [7.892890851631535, 11.664740901171683], [7.891892596965818, 11.667534138789506], [7.897668214016903, 11.674517112774595], [7.894442997846113, 11.678982100143855], [7.895315186446737, 11.683300000694544], [7.891607380576204, 11.691066054854616], [7.896098520230566, 11.694359173437135], [7.896597646664134, 11.696663349833784], [7.888326392948727, 11.707206461908754], [7.882550774099002, 11.70839340962823], [7.877844716260711, 11.711256028143225], [7.876846461594994, 11.71809826182539], [7.867501706038979, 11.743263745125773], [7.869403144439616, 11.75001210577409], [7.867620546051398, 11.75641126057127], [7.860846674334596, 11.761995857123168], [7.857506040071769, 11.794943217255707], [7.854975178761549, 11.801902477917054], [7.855323079696404, 11.817255320776496], [7.853000921355488, 11.824344344615838], [7.854918806557748, 11.833262022924089], [7.852334039884056, 11.835995395371242], [7.8603617697799, 11.863487863674038], [7.865105309562409, 11.873462988226379], [7.848209579908257, 11.886129289934843], [7.847689957025921, 11.893341341929442], [7.84371202628904, 11.901946552591369], [7.829526781335915, 11.922049634283269], [7.826216259972455, 11.95332943910239], [7.831798488609422, 11.96399249195997], [7.833395843743233, 11.969740260604567], [7.8293490770983, 11.968646745251135], [7.834676900118893, 11.980190557248477], [7.84479999912071, 11.995000000949346], [7.856705600283249, 12.001227860077734], [7.862991389241245, 12.01769640276683], [7.879790754739588, 12.044340710555389], [7.875642147067481, 12.06508349260912], [7.872362166680716, 12.075682072169968], [7.868225087417898, 12.082633257818657], [7.869817541246562, 12.090209858997866], [7.867036688192627, 12.093068459341964], [7.86946102210851, 12.096345353255515], [7.867321903682978, 12.101365198944848], [7.871317661680791, 12.112837165003214], [7.869603630303345, 12.115517865956804], [7.864211386146621, 12.11833058289011], [7.863217137960589, 12.12160874214976], [7.863186276825274, 12.131970270311797], [7.865468001647002, 12.139986962828118], [7.855200237700842, 12.14709721966102], [7.8552675276743, 12.150123515687767], [7.856598535094349, 12.150774110436885], [7.854221736643865, 12.155142348740469], [7.854320148556042, 12.156666588991925], [7.85854212202139, 12.15933713030438], [7.859977482275042, 12.162917498643708], [7.859628634354067, 12.169506959878333], [7.855837958654945, 12.172790501580437], [7.855508462345711, 12.176767369318668], [7.859509019125994, 12.17879756635466], [7.861648135752887, 12.18920576933084], [7.860980095954687, 12.19330729029923], [7.864262613329004, 12.201518517865338], [7.864402685435607, 12.209685190319306], [7.869570078396464, 12.215951572806887], [7.870758476722358, 12.219947067303337], [7.870784385291188, 12.223729883827104], [7.863154866204184, 12.232580026646986], [7.876404743384228, 12.235241306740988], [7.878136519284965, 12.253424836786849], [7.87014152920824, 12.266369104550563], [7.864537483018466, 12.280680187140945], [7.876962579359599, 12.289576295209883], [7.885003808978638, 12.298521295821217], [7.886647853315822, 12.309818841066715], [7.89235439793714, 12.330264883717462], [7.922605116632894, 12.336709740262336], [7.93369356680472, 12.344440126410746], [7.944876812714767, 12.349234277340088], [7.95035677044865, 12.358766385959996], [7.953523030663405, 12.358180948891743], [7.962634789863728, 12.36495298329362], [7.965299785956404, 12.364477091744448], [7.967012998051473, 12.365904768190546], [7.968059960898529, 12.362763879649378], [7.969106923745585, 12.363049414399029], [7.972438169086274, 12.368569764283222], [7.98071869301333, 12.372852795420215], [7.981194584562502, 12.37532743381405], [7.982812618707442, 12.374946721114327], [7.982527083957791, 12.372472080022533], [7.983764403604368, 12.371901009623969], [7.987286005744636, 12.372757615671503], [7.99337742602745, 12.381323675247472], [7.998843570174699, 12.384095650194126], [7.999278490410063, 12.388842771976385], [8.002419378051911, 12.39360169376323], [8.030248357375854, 12.395402801098442], [8.03357119855201, 12.40436511365914], [8.055168493930921, 12.417187663579853], [8.108160369205734, 12.416365816329403], [8.13016595499488, 12.441150616607729], [8.14861819617289, 12.439649406195201], [8.156739727156719, 12.440300485678904], [8.158782593841693, 12.447324362629274], [8.164964011080315, 12.45141351162431], [8.162164962942711, 12.462392861441458], [8.162895117116022, 12.474482830818033], [8.168808775604532, 12.481746268275685], [8.171681129280728, 12.492536350372347], [8.176812349710247, 12.496470951773063], [8.178977895613457, 12.496434801724774], [8.182661932402311, 12.501168556883442], [8.190386523319432, 12.505182900270654], [8.18622712827937, 12.507967377592479], [8.183517578873193, 12.506621551143724], [8.179833542983658, 12.51070541931972], [8.180903102196453, 12.513373822044286], [8.178181577417888, 12.518062610201355], [8.175487517934641, 12.517470953421821], [8.174343142322186, 12.519545844964796], [8.177837033652224, 12.527323314219643], [8.175959364333266, 12.530228202669491], [8.17795587276538, 12.532757193389784], [8.175626611578934, 12.536956655025676], [8.176976967013445, 12.538344102997996], [8.176626613627377, 12.542496889819631], [8.179329333581904, 12.548867624241495], [8.179242625446875, 12.552120800334706], [8.180580593619538, 12.55297138901841], [8.17968796163018, 12.554727827027648], [8.181350326056759, 12.561741329398899], [8.179865977932593, 12.564088130063226], [8.194753641067734, 12.56760731302711], [8.228276267835554, 12.584734076716302], [8.232354853393815, 12.584921972071413], [8.236084047840563, 12.591205942600197], [8.246199606926382, 12.594415679639951], [8.23701323187521, 12.608953932777808], [8.230492202752998, 12.612514462072795], [8.203539322281927, 12.621629710642708], [8.190395136126654, 12.624009392319635], [8.190395369950409, 12.628724285997066], [8.18526890423658, 12.629936396747382], [8.183460517788717, 12.635248842260296], [8.182134731832434, 12.651782658642844], [8.153242574884985, 12.655401583616253], [8.160432935231825, 12.667056629160129], [8.160023516172373, 12.683965513197904], [8.153890102046603, 12.690600001688779], [8.143331459579258, 12.715329469379583], [8.144535414377913, 12.721262380554492], [8.166788755296864, 12.728950090274509], [8.185127751144876, 12.732469972910962], [8.179178141358193, 12.748494532896416], [8.181963563867441, 12.7503263619721], [8.180168854309215, 12.756107496363938], [8.172108300957348, 12.751146484322817], [8.16714400459216, 12.756687801001249], [8.162865770438998, 12.763920262210377], [8.152304576594986, 12.796827571035635], [8.127918637335313, 12.796827571035635], [8.127836427609111, 12.80111341974856], [8.152061002413404, 12.818632779779023], [8.178882607946036, 12.811285219737158], [8.192468934094109, 12.815703329944768], [8.210958039382035, 12.817520348085623], [8.230117278989269, 12.826155354186312], [8.242117851257888, 12.826141564881368], [8.245017770054119, 12.8278970298241], [8.260585566171017, 12.83010444456454], [8.292329120792317, 12.829145269038975], [8.337479200105065, 12.836011287990573], [8.352394484118179, 12.825465740551522], [8.360830317365298, 12.824051433426973], [8.370633503233648, 12.825492111371886], [8.398377832970652, 12.825942683408186], [8.42290342885019, 12.82093204857523], [8.435351537043857, 12.815188293604933], [8.444071388783641, 12.816090095081847], [8.459164050580512, 12.821883989054925], [8.469829929108016, 12.828112277159903], [8.485254777086368, 12.832024177873564], [8.502112606611547, 12.833821830013505], [8.552150601968776, 12.831819272741313], [8.563190272912834, 12.83413875020318], [8.563938892865679, 12.82527427758589], [8.57403483503964, 12.820465466807889], [8.589058318286789, 12.808618953801727], [8.587099101142655, 12.802715978359743], [8.588195488930694, 12.794441790156554], [8.593052076192407, 12.777338586006977], [8.594412673106433, 12.766215766444532], [8.60382689499528, 12.737272796002799], [8.63627339210342, 12.737315143279261], [8.651846301765488, 12.733124862822194], [8.651025612841806, 12.727596055713434], [8.66389433575506, 12.72577001827176], [8.668633008406687, 12.719465191565405], [8.67672870906273, 12.715904373588046], [8.67808148996886, 12.71255634689794], [8.683581139258195, 12.708047621900278], [8.688016502059952, 12.688210581253372], [8.701200001179132, 12.687000000249839], [8.712407232907537, 12.680555802008712], [8.722789651421351, 12.68271699968983], [8.722946407750555, 12.66994493141351], [8.744812943062925, 12.666652041258772], [8.752371157602909, 12.672681243744478], [8.759254548758463, 12.673896189157858], [8.804685135610555, 12.673134643249227], [8.823927400629088, 12.674430193998319], [8.828626986945949, 12.675935545788832], [8.829696792572975, 12.670503712576306], [8.831029291069001, 12.67041995511687], [8.847932220695498, 12.675345693948657], [8.850491907975197, 12.678794438412638], [8.864637001796268, 12.669043435706044], [8.883529117574767, 12.696092996894322], [8.908359776082875, 12.70195363495236], [8.923190990571811, 12.707054569812612], [8.951332270268097, 12.738121687665796], [8.969963653699722, 12.77564281626303], [8.97125416464803, 12.785102119367366], [8.982868786565291, 12.80676876956312], [9.01499485882573, 12.809146657092583], [9.047338499572163, 12.816157329297369], [9.040895137700488, 12.84614142059013], [9.017030857388193, 12.845454986958146], [9.00338804122515, 12.840403191953783], [8.995924897615964, 12.8400787633243], [8.988643035747543, 12.836337549438383], [8.984165296890978, 12.835802416848082], [8.977528487249913, 12.837483301013606], [8.963865618903242, 12.845231509926293], [8.95519395014071, 12.855623044867684], [8.663610457556615, 12.943332672165127], [8.628932327864675, 13.00626099844635], [8.614999770822806, 13.021944046280737], [8.564342440251437, 13.059877605766928], [8.541942596173897, 13.074998855213039], [8.516387939351944, 13.083610534698494], [8.49749946582773, 13.085832596697003], [8.471109390086326, 13.083887101408664], [8.44916534400545, 13.0780544277697], [8.408609390211211, 13.088333130169872], [8.351000061903392, 13.138242681654503], [8.287221908664208, 13.198331832947758], [8.251508712357236, 13.217596054014734], [8.235832214285324, 13.219165801760369], [8.22611045843098, 13.223609923958861], [8.141387939202104, 13.280553817804503], [8.130554200416043, 13.290833472586712], [8.122220993304268, 13.303609848615679], [8.040573058300026, 13.32125751941902], [7.819701154684594, 13.352274842709846], [7.796126072959964, 13.337340154924277], [7.778442701769336, 13.322908527206835], [7.75889974932403, 13.310406463287677], [7.725978992036914, 13.297238407326688], [7.686701884084755, 13.278198789242765], [7.37972164194025, 13.099721908938989], [7.264224069585168, 13.11859636203252], [7.230108049446983, 13.125394737577153], [7.218888282967953, 13.125555039033884], [7.188433341725386, 13.09223070018669], [7.147499085414495, 13.042776107631312], [7.090555190669591, 12.995277404728483], [7.051266663126057, 12.995474501047454], [7.051746248190852, 12.989646901383423], [7.048951133687922, 12.9868121285769], [7.050524099207848, 12.981364368370976], [7.050207992005255, 12.970298230379058], [7.048741500819631, 12.968741553380028], [7.049276279976368, 12.961213881615379], [7.056584931749228, 12.955481118159128], [7.059793607588972, 12.95113802669863], [7.057892170087655, 12.949864039893555], [7.056228411711857, 12.943899374556565], [7.05218785668427, 12.943262363167548], [7.05088061924522, 12.94169878297248], [7.052009596665584, 12.938224123644432], [7.050167579170477, 12.937413363236146], [7.049216859970159, 12.934749416652323], [7.05511161380997, 12.930380937330426], [7.060328387645029, 12.91830181377776], [7.06205156602698, 12.91911263623922], [7.061350442868672, 12.912805248263624], [7.065400001009266, 12.912599998691064], [7.064487782685092, 12.91019344077472], [7.065561550725022, 12.907517848869702], [7.063893584421407, 12.903127360439385], [7.066216901988469, 12.892510190992596], [7.065061015053857, 12.885653537580765], [7.066430050306622, 12.88173323989713], [7.064952490265284, 12.877241341214983], [7.06490990916501, 12.859538749713579], [7.062857569920936, 12.843599994943872], [7.063282557144362, 12.83814585135002], [7.068569167832891, 12.832182070945862], [7.056076722163027, 12.823255149405668], [7.066472242899749, 12.810573151829544], [7.066412750947734, 12.799634479247857], [7.060438887344844, 12.761706796831277], [7.06071415723261, 12.739841594314157], [7.043014568567514, 12.719585605391444], [6.988991772552311, 12.673441929001854], [7.03500455531605, 12.661370259929583], [7.03928775282759, 12.658740127854685], [7.044474471319859, 12.65885700914373], [7.047200002578109, 12.637699999355561], [7.046000000299841, 12.61960000193858], [7.051600002238388, 12.587000002248374], [7.05021977222475, 12.575078061303543], [7.05210000011499, 12.55339999871103], [7.051199999980042, 12.53990000208347], [7.053700000154947, 12.529300000694548], [7.053700000154947, 12.516300001044272], [7.059400000409767, 12.48860000068953], [7.0683000007445, 12.411299999995038], [7.074726949089495, 12.374982442186024], [7.084709498444624, 12.347470332689738], [7.082808060043988, 12.32935952002589], [7.093265967650325, 12.28256746211872], [7.139494674939328, 12.24319995611313], [7.150427942595513, 12.231585999694175], [7.149952583445042, 12.206962726648555], [7.156845295174264, 12.185125079358954], [7.145599998740977, 12.14719999958038], [7.135073831692011, 12.131824384088077], [7.127889920383552, 12.124470974855626], [7.126099999715279, 12.113499998626082], [7.117235417380641, 12.093964401735775], [7.133261141988157, 12.090256633636784], [7.136398515079463, 12.085571253010983], [7.136626686572356, 12.077929443788832], [7.130271576072403, 12.068389018238634], [7.13169958706635, 12.064890453131966], [7.137554202364583, 12.0619341045753], [7.141396919132546, 12.065099639936477], [7.143464733011058, 12.06398397518035], [7.147315145277787, 12.047457656445715], [7.150309908375618, 12.041809187344143], [7.148669919081556, 12.033022443131301], [7.153296117122181, 12.029609482691512], [7.153866549002089, 12.025592539364254], [7.160027207189898, 12.021966079870765], [7.170523144427648, 12.02034810687968], [7.171606964190119, 12.0142666663736], [7.17651267332127, 12.00835247368775], [7.180448648886113, 12.007906114975299], [7.185981832995253, 12.001991783793812], [7.191971362788195, 12.001545414289467], [7.195393951369795, 11.999425145654016], [7.196904609160413, 11.998385843232143], [7.197290826610413, 11.992637331747517], [7.198811976791319, 11.990172903356836], [7.208216741409558, 11.988018277921242], [7.210800652827913, 11.985461921730348], [7.211924544582132, 11.97971803455971], [7.209540647782717, 11.975933702678276], [7.211063318717208, 11.964171648602758], [7.220466562581862, 11.960920798156337], [7.22032180141008, 11.949761493997812], [7.222318309842194, 11.94959407440706], [7.22351105639018, 11.951774474412503], [7.225543592562815, 11.952234743838403], [7.23787917128675, 11.945537883766349], [7.24379739743199, 11.938864112888552], [7.246568182575629, 11.932563021066642], [7.226416836967474, 11.913511152417811], [7.217083732128572, 11.912873483624423], [7.205295247877416, 11.908544425185141], [7.20597813458329, 11.906910489227755], [7.199764885840864, 11.90051449734625], [7.193064324159309, 11.90065155402607], [7.190962783905377, 11.903697263717788], [7.191574971307944, 11.90676977320652], [7.182500000674565, 11.909499998925867], [7.171399998711024, 11.910599999290582], [7.164957096392925, 11.909046176739707], [7.145807957970931, 11.912370073719956], [7.140817764728126, 11.911340510056561], [7.144668176095479, 11.887269272359106], [7.147055341031205, 11.881031894806142], [7.14623686264116, 11.865917348906578], [7.141816020293163, 11.849309142403058], [7.10076347975081, 11.82045098972145], [7.074800000119978, 11.817499999325548], [7.072400000059986, 11.808600000789454], [7.06260000228832, 11.804499998775952], [7.060018306799464, 11.789875414318942], [7.049715856002024, 11.788524178448142], [7.042609992357313, 11.790379245106124], [7.037323622687097, 11.800914507898256], [7.021426103631825, 11.811078140244035], [7.01733764801412, 11.81558492000812], [6.998751458213292, 11.810612845406524], [6.993712646721292, 11.811031611120029], [6.992193108125491, 11.812698109730036], [6.990949084033048, 11.810842078998803], [6.987796033060533, 11.810197151777174], [6.985656914634944, 11.812436381833606], [6.982121428760991, 11.809411962691968], [6.977664933689766, 11.808103308820705], [6.977130155432349, 11.809121150720557], [6.973440176822749, 11.803157512409314], [6.963635888385568, 11.804413841925339], [6.952730086924021, 11.800333080907023], [6.946950770961337, 11.80361118800596], [6.943528183279057, 11.797713348592197], [6.934395340372703, 11.794892345305527], [6.933315926388957, 11.793384344112212], [6.92863683472217, 11.792920999004934], [6.922457162168371, 11.787430099219762], [6.917399338109021, 11.785866567588073], [6.909862941121901, 11.785779890929291], [6.902210167365354, 11.79885044419268], [6.901247051010671, 11.797558506020266], [6.900385461819667, 11.793894102331024], [6.902227480214094, 11.788979070827509], [6.896081055596312, 11.78747661935057], [6.895384161050231, 11.783381631956786], [6.891322210251872, 11.779118973162156], [6.891954540669587, 11.776195992151372], [6.886232499830044, 11.761305164301916], [6.882548463940509, 11.758396526578508], [6.883083243097246, 11.755371512085674], [6.885816559786463, 11.752346464317895], [6.883974542291355, 11.744725522065266], [6.885495693371581, 11.735417216031749], [6.883955527925309, 11.716810134979767], [6.880761111735978, 11.710889489658257], [6.881150394075462, 11.705599402190728], [6.868999999250605, 11.678499999675296], [6.86580000096933, 11.662999998950852], [6.85519999958035, 11.64189999898582], [6.852000002198395, 11.620700001603836], [6.854400001359011, 11.595199998381247], [6.856800001419003, 11.589000002947841], [6.867400001908607, 11.577599998840924], [6.876100000214876, 11.574400000559649], [6.904012680340998, 11.553189277862941], [6.907266617260632, 11.529600143332004], [6.895878791772873, 11.505198480325646], [6.907266617260632, 11.475102425236798], [6.900759220062014, 11.458833693919871], [6.886931418750009, 11.431178093094559], [6.886931418750009, 11.396202088155917], [6.889442272842643, 11.383641353365817]]]}}, {"type": "Feature", "properties": {"shapeName": "Jigawa", "shapeISO": "NG-JI", "shapeID": "27671186B1226853346294", "shapeGroup": "NGA", "shapeType": "ADM1", "stateId": "jg", "stateName": "Jigawa", "stateCode": "JG"}, "geometry": {"type": "Polygon", "coordinates": [[[8.246199606926382, 12.594415679639951], [8.256289885170133, 12.596212444149046], [8.278800273913532, 12.604603956107724], [8.288612586102033, 12.599858144637722], [8.2900571590107, 12.58879530266114], [8.294625723998024, 12.576650534894327], [8.301248940386358, 12.536081365562609], [8.297087994915103, 12.53361246394411], [8.300039530300126, 12.52719102394667], [8.302868947643844, 12.52818426938859], [8.311143807640633, 12.507679212325854], [8.335419945973797, 12.49916374321225], [8.35467942401624, 12.479670207614049], [8.35824018983294, 12.437914423312009], [8.365613978602255, 12.431705143277782], [8.367167489987708, 12.43565933011405], [8.37688189658229, 12.435615729182587], [8.379511955812177, 12.442394435654705], [8.384859749178133, 12.45034364933997], [8.384681490058767, 12.457190222251029], [8.387414805848664, 12.470302644351591], [8.396161419613861, 12.472588547423584], [8.397872714354321, 12.48324035695697], [8.403695867770125, 12.488693728932503], [8.407974102822664, 12.495887361912253], [8.410248848905326, 12.50469564308952], [8.458427349342742, 12.586906936805747], [8.488667951564764, 12.600500829849466], [8.49243279873474, 12.601892556796088], [8.495969472613126, 12.594377140992322], [8.507720358907477, 12.595267868217604], [8.53197406904809, 12.600740378665591], [8.55601864004825, 12.602577516439283], [8.599816193862296, 12.597148871323384], [8.611224820669008, 12.594588039206712], [8.640747477014486, 12.592996530565472], [8.648667600329532, 12.583509466288888], [8.645744572554008, 12.559826921875015], [8.66081974703377, 12.55886481455957], [8.683174449641172, 12.561931062068936], [8.69192202837894, 12.572209768066386], [8.719116211344101, 12.566590309295407], [8.729983675606206, 12.559105350831317], [8.737576067081875, 12.550970528766925], [8.728150472366451, 12.546003584797631], [8.718106491221647, 12.537965011775896], [8.714478439028767, 12.523502503138047], [8.704979933577135, 12.502458930235491], [8.697087753097378, 12.495104718807795], [8.693213608621193, 12.494584264951925], [8.687487108043626, 12.482753999997158], [8.688556913670652, 12.468468453656271], [8.698853930764358, 12.454577904846474], [8.695567820598512, 12.442824899749382], [8.704897314659377, 12.42731403071798], [8.709885424173024, 12.415942697897265], [8.729479668551903, 12.425498248245617], [8.73338061462374, 12.423411892145168], [8.738697938059431, 12.417236773758134], [8.75742422155065, 12.421266086360845], [8.763844511315199, 12.419931273909185], [8.774043544573999, 12.403343812966625], [8.780443070791137, 12.387134677023766], [8.785007096900074, 12.39260881974127], [8.795099048782106, 12.382300603390206], [8.782957593218384, 12.366204737958356], [8.780027502167513, 12.341198902307553], [8.755630468871118, 12.343993654383667], [8.74686435330733, 12.331983607757365], [8.751808166713545, 12.32859993014273], [8.74023342073582, 12.315799713086335], [8.734036876900404, 12.305863261180605], [8.725051032679062, 12.30549092296775], [8.723540749905737, 12.294803306027802], [8.758340381603375, 12.293422603870113], [8.761107338333034, 12.287673561785482], [8.77460538163308, 12.275354881322755], [8.787930363895214, 12.277258450217346], [8.81600800306694, 12.302004844947703], [8.82514513394085, 12.302385559446066], [8.83962324401756, 12.308195393003018], [8.909896060954509, 12.300987923054265], [8.911535695016369, 12.284870930748923], [8.91746251418374, 12.26627367928694], [8.920517223391187, 12.266661984962695], [8.935213517090176, 12.231043436005791], [8.93440000025987, 12.214600002388238], [8.94376952944026, 12.201813439738487], [8.944537784291356, 12.196110305346338], [8.952237695113581, 12.185331892852616], [8.950626551574146, 12.168555698386797], [8.943177198169224, 12.154628146971447], [8.942013083337201, 12.153446060087674], [8.93122466318772, 12.155207960578991], [8.93054014601097, 12.147902740619031], [8.935788113730496, 12.142047267367559], [8.939709826047704, 12.132337766574722], [8.938571982211272, 12.130148058586087], [8.939043073179334, 12.122651139138782], [8.936575471980518, 12.119133351023379], [8.938439573227754, 12.113779121209518], [8.927833958270583, 12.11036266060836], [8.925223566314571, 12.096321132714138], [8.91499999865107, 12.07620000162882], [8.94570191800915, 12.072307587425257], [8.948823212121567, 12.075460508895446], [8.966506584211515, 12.082642208770949], [8.972496113105194, 12.084358195274547], [8.977986514665986, 12.08382751882499], [8.985073694895163, 12.079794688973777], [8.988468191354002, 12.068418074434646], [8.995955102246228, 12.064443549430337], [9.007388377671532, 12.062742522249664], [9.01365468281739, 12.069626261442863], [9.043786468870508, 12.075715748183256], [9.046638625572143, 12.07403069476078], [9.07408547576415, 12.073533917356428], [9.077145222973684, 12.059624772365396], [9.078005488362635, 12.046228028700625], [9.081521073139072, 12.046199939275823], [9.083717597988823, 12.038559387305952], [9.082806618031043, 12.032792319210216], [9.08469409355763, 12.027426902729417], [9.09830333712938, 12.022935939342176], [9.133339497719703, 12.035312798746702], [9.144272766275208, 12.02618877189434], [9.14894371458081, 12.019373484598702], [9.15193793718612, 12.027641662632675], [9.145401743695572, 12.04158901981748], [9.147719122139847, 12.045540639988587], [9.14753101634335, 12.04822861465891], [9.152829236380228, 12.05483833941787], [9.15629583598411, 12.067532689182315], [9.181874005580937, 12.085438744202747], [9.193782382950644, 12.084596694581819], [9.198712532057755, 12.082790336105177], [9.200416947883866, 12.06830000064457], [9.213967778690062, 12.054112448930425], [9.2203283786518, 12.032089681593561], [9.223964879075936, 12.026231673153234], [9.227965202931841, 12.014366012681364], [9.223018089912955, 11.989609094084472], [9.201046073117823, 11.961946890436707], [9.207014629821344, 11.956504681745741], [9.20745556202462, 11.946301769710942], [9.207032223258523, 11.924240605819364], [9.202028048255897, 11.90468222100776], [9.226550036954677, 11.908821296765495], [9.230000264400758, 11.894658304637119], [9.222165789819371, 11.89098742672843], [9.2123869548941, 11.878985420940467], [9.215588580048973, 11.875555201611292], [9.212333321125925, 11.868596408597455], [9.206022924018782, 11.863397780383309], [9.19828634423942, 11.861179393913972], [9.195719403028079, 11.848432346575578], [9.19019269044037, 11.837621060263757], [9.187067168614988, 11.834580513579908], [9.174044949414906, 11.829246194756138], [9.152298245167913, 11.829478431184725], [9.143934869398777, 11.826556042827178], [9.138907563833072, 11.793699412597846], [9.141563876072098, 11.786665544179584], [9.142713325659486, 11.772769133588668], [9.148214834746852, 11.765552567896748], [9.14150220686139, 11.75936458200988], [9.15289518906178, 11.749420034407137], [9.157159506206312, 11.741536160965097], [9.157363496728067, 11.719222983653822], [9.16571921207202, 11.706572205143175], [9.171219264257672, 11.702619054325964], [9.174281855123581, 11.702779360279294], [9.182605722775918, 11.707339434767164], [9.181780342089155, 11.710019929775967], [9.188665683874262, 11.712817826781304], [9.192965621366397, 11.72057342722195], [9.202528987722644, 11.730494469244434], [9.225754626175103, 11.735739992606625], [9.248879980326876, 11.696680444147205], [9.248594764836582, 11.690200768550653], [9.24370200684217, 11.6897127442478], [9.244567208609851, 11.678453129708203], [9.233943813156486, 11.679651193947507], [9.233001830869853, 11.67663773394429], [9.233344091256868, 11.67311836392139], [9.235241202119823, 11.672631777634479], [9.233513231250697, 11.66305991538286], [9.237571816785987, 11.66189970360847], [9.241170254303825, 11.657135000979565], [9.241398688398817, 11.645355392137674], [9.254468788403926, 11.642700534102403], [9.273991099609589, 11.644108900305525], [9.277752288337467, 11.638741300270851], [9.2675384711236, 11.630988206240772], [9.269142435375159, 11.62713811413272], [9.281907228136106, 11.613094105008997], [9.311695423704862, 11.588821036961349], [9.318972922962075, 11.580634053318931], [9.327360637083757, 11.57711134771057], [9.353685268260563, 11.572481700769913], [9.360311527055387, 11.560817456060818], [9.34320173267389, 11.53174404794953], [9.330505706573149, 11.516636082389311], [9.298590073872845, 11.498693319740937], [9.290793645110682, 11.506325184259879], [9.284237399436506, 11.502553683905433], [9.276225833955095, 11.492134975049112], [9.260469134343111, 11.476081170010048], [9.25251709408866, 11.472166274553956], [9.247731794286949, 11.457251118244585], [9.234889131028638, 11.452436463671916], [9.23151869323317, 11.449527157752186], [9.227637480984981, 11.426161859981903], [9.233840407309003, 11.419695824402822], [9.233412582724554, 11.413405442607143], [9.232057808920786, 11.412496823369736], [9.232485631706595, 11.405689055305686], [9.229063044024315, 11.396602458236885], [9.224856112619534, 11.392408547216746], [9.222237733784425, 11.373755062945861], [9.208422660577355, 11.35795784078175], [9.194971659014925, 11.326648778318486], [9.211414779668416, 11.328817788410277], [9.23028968242295, 11.335162217662287], [9.287123236648085, 11.349394847893961], [9.291021802214459, 11.348200103052363], [9.294334011605372, 11.339405614777377], [9.303756678128252, 11.337749509632204], [9.313644689850605, 11.346247530998824], [9.321992400329066, 11.339378982254289], [9.323941374195101, 11.340963650651986], [9.323160966805233, 11.343694460930692], [9.330461789979665, 11.339879711279707], [9.33012421865783, 11.344839378834308], [9.335478370230646, 11.340469892271756], [9.337047055876951, 11.341378744433541], [9.33776682377993, 11.344852392024336], [9.342616753360517, 11.340737580874702], [9.346144315307981, 11.346746133127567], [9.351360458718261, 11.343197370562223], [9.379569986165961, 11.331267926573616], [9.397972317668348, 11.316612128446991], [9.411639492868346, 11.299995817253205], [9.421177719576121, 11.29883761636296], [9.426239156212148, 11.295044016967836], [9.440962104917276, 11.293247855903871], [9.445240339969757, 11.291289994937358], [9.449090752236486, 11.287374237031486], [9.464064574920258, 11.281500499448555], [9.466734001972668, 11.283614966557536], [9.471202958050128, 11.281768187152181], [9.475338584907831, 11.284565219909041], [9.475315779000027, 11.286139865362543], [9.478766028029838, 11.286501501643045], [9.497519398201689, 11.278085663022978], [9.5057545621234, 11.289857880336967], [9.505219781168023, 11.29538183380464], [9.507715417832344, 11.297654317193008], [9.50750150688907, 11.301954501998694], [9.508322015049032, 11.305065908964593], [9.511423222803558, 11.307897741887302], [9.511793670641453, 11.313130586607315], [9.525555200012548, 11.316483240309367], [9.537878244885121, 11.3173220361831], [9.559033050435005, 11.31692970963843], [9.559104188607478, 11.315467054061344], [9.609396987980688, 11.315467894927451], [9.609642383289383, 11.309130170121307], [9.607273847809893, 11.302598291577965], [9.601640838054266, 11.29826315462094], [9.598432162214579, 11.292949027375755], [9.596984765434627, 11.268864563348984], [9.593536247599786, 11.257162593878661], [9.595624084883639, 11.247570586813197], [9.60335773467176, 11.243403613186274], [9.62592342722445, 11.236726420388038], [9.647550886764066, 11.234087624244523], [9.66200587527095, 11.228442901718608], [9.667596103377491, 11.231436278961155], [9.670519562827621, 11.227309886342255], [9.670590867374699, 11.224512298703644], [9.677649954581796, 11.221295040633663], [9.684067308059866, 11.22192450671065], [9.684637739040454, 11.224092659748521], [9.68649164107643, 11.223253376442244], [9.692619876006518, 11.226901095009566], [9.694905502986614, 11.226260793900565], [9.696616796827755, 11.228708669369666], [9.701051977966472, 11.22944191631143], [9.700538512742241, 11.231016647200533], [9.713159306956527, 11.22989763067119], [9.713943649779651, 11.23171603107005], [9.711804532253382, 11.232345473764667], [9.71223235593851, 11.235142985860136], [9.714300168917703, 11.235982234092887], [9.715512336325332, 11.244654321040116], [9.720860129691289, 11.247521646606742], [9.725637492076658, 11.245983084651698], [9.7247818447064, 11.247591582385667], [9.726707051289452, 11.249339936388992], [9.72635053125208, 11.250878480357642], [9.739618356202243, 11.2482204459169], [9.742819892324235, 11.249275689721344], [9.745529440831092, 11.247597269698304], [9.744602489813076, 11.247247597098976], [9.745529440831092, 11.244939748770435], [9.762493777965517, 11.245753995850293], [9.765280625900232, 11.250254763646467], [9.76713452793615, 11.250394631607037], [9.76756235162128, 11.253331833597315], [9.776475341763671, 11.257038259907802], [9.77911358662277, 11.261583813042591], [9.782821389795345, 11.262492914316567], [9.788882223236044, 11.26067470817128], [9.7899966082569, 11.263412380277202], [9.79201959632735, 11.26340201289264], [9.794301321149078, 11.266618802415849], [9.794087409306542, 11.270325056955869], [9.798151733415807, 11.273262055699377], [9.802193755237681, 11.27385387255822], [9.81084383037853, 11.278296840926544], [9.813695987080166, 11.277038154287425], [9.816262928291565, 11.278576548968601], [9.819885758121302, 11.277643914235284], [9.824922361777624, 11.279555851321504], [9.841861830858875, 11.229567457172436], [9.848592820202555, 11.227716132593514], [9.86147058579894, 11.198206727758304], [9.871984286445695, 11.198592444285907], [9.873766883934593, 11.196552336721027], [9.880956695694977, 11.196144315208016], [9.878713744243953, 11.193994992175192], [9.878297804200372, 11.189273503769243], [9.873781889122938, 11.186767004193939], [9.882664772661201, 11.163841431736728], [9.883349290737215, 11.147331659628435], [9.878058375893374, 11.132527322278122], [9.890348657564516, 11.106565613412386], [9.888989096669548, 11.093950039762547], [9.855164527920692, 11.076539993226163], [9.85293197622974, 11.066160201632044], [9.85918221408798, 11.055547455950375], [9.854320525871628, 11.045450210658771], [9.854406357167704, 11.037389755332981], [9.859332086106917, 11.01441955581788], [9.862929344613633, 11.006400107778802], [9.868856429980326, 10.999569892636487], [9.874032022060192, 10.997348785717918], [9.881496112655498, 10.989273191204859], [9.890393256743437, 10.99102020341968], [9.929153422692366, 10.991567538910829], [9.967114566184307, 10.97083864508744], [9.985526601371589, 10.95821580491554], [10.006312746036429, 10.95566315842808], [10.010325577663309, 10.970077216990035], [10.025363772020512, 10.972932569882232], [10.046211933034328, 10.965907423988483], [10.060280910935319, 10.970013716759695], [10.08801497940783, 10.99004089477154], [10.111928562353341, 10.992182408991027], [10.111239117791115, 10.962589713444572], [10.11991977707612, 10.95423984459319], [10.13403987873744, 10.947500228952435], [10.14811992639352, 10.945369719736846], [10.151090621834783, 10.947248459249067], [10.156319618355724, 10.944319726174456], [10.163350105323161, 10.944399835084369], [10.172739982564167, 10.942210197242844], [10.18675994921233, 10.944689751330998], [10.191410064722731, 10.948200226159543], [10.220297377022405, 10.946765754436058], [10.221513326978481, 10.95371747068475], [10.20427298161286, 10.97548634771681], [10.19534255721328, 10.981848676175503], [10.184506633074704, 10.985973008447615], [10.169103649413955, 10.988797079321785], [10.155629407571155, 11.005614535582424], [10.153594868608366, 11.013602927333295], [10.161771051392975, 11.029653672878737], [10.158783713997252, 11.032718878073808], [10.16656772492064, 11.047940455887385], [10.168825681560008, 11.058146053297776], [10.171618419154754, 11.061470086075644], [10.174827095893818, 11.062811351162964], [10.178808230915195, 11.07015904430449], [10.189215512985584, 11.081697348853595], [10.209846112707964, 11.092286615035277], [10.218497656441741, 11.094665649200408], [10.22629355100662, 11.094339116157357], [10.231379897064642, 11.089534375710912], [10.248065013589553, 11.079318210367148], [10.250679491165613, 11.081743999386106], [10.25804756204542, 11.083096834251535], [10.263751876348067, 11.086548866636917], [10.269551260682192, 11.087994977386359], [10.271737914573123, 11.09401258311425], [10.27050197988251, 11.098164192723345], [10.274433278972708, 11.101524934927852], [10.27734715614639, 11.107120272982286], [10.285238123440706, 11.104134942873372], [10.291655476019457, 11.12232632220207], [10.302398599116088, 11.119994157104713], [10.30682574121505, 11.122003112153948], [10.313522011331827, 11.130535393193895], [10.316706918989155, 11.130442109216006], [10.325844325055584, 11.124834179753634], [10.32985815492998, 11.125753140295217], [10.33187088623248, 11.121766603945673], [10.331157846157737, 11.118734780685656], [10.33234624538295, 11.117428754633352], [10.334010002859372, 11.118081768558795], [10.338478381572088, 11.130628676272465], [10.33572006193134, 11.143380165362373], [10.340310097333202, 11.152649878788907], [10.346090317114488, 11.159629822058662], [10.34644413019248, 11.162845612435092], [10.364620209355223, 11.179420471177878], [10.363360404858838, 11.187470435911962], [10.366720200077225, 11.202480316013805], [10.365509986896427, 11.205920219242785], [10.358460426207728, 11.20812988318761], [10.346750259416979, 11.20798969326978], [10.322196006640468, 11.2041978844249], [10.298810004678046, 11.205750465011988], [10.279452532008804, 11.203170238116058], [10.253278460832348, 11.215305490156311], [10.250610352186072, 11.219499588235465], [10.235340118351814, 11.223919867607833], [10.21306037873353, 11.227100373083772], [10.200025558232994, 11.226095199933582], [10.1896896355683, 11.22220992994437], [10.175620079403188, 11.224349975570988], [10.165049553294295, 11.227669715884701], [10.159159660290129, 11.231060027798094], [10.151791226084242, 11.23912392572862], [10.145666386994208, 11.240966179745442], [10.136514778833998, 11.236219519315398], [10.129812210764953, 11.237856044420937], [10.119931979077649, 11.237383418310174], [10.12205457066193, 11.247009584324928], [10.108176996371355, 11.253577102101644], [10.090469856099048, 11.26709715720807], [10.084171342633397, 11.26966123497806], [10.062824455384373, 11.266139299189376], [10.027722407762951, 11.265232359885545], [10.01185685960644, 11.261368384043749], [9.998535675181301, 11.264628530782147], [9.991547552577515, 11.270150736867038], [9.977170943584213, 11.27721023596365], [9.96945355263938, 11.278835765058545], [9.968274579208526, 11.282995785127412], [9.964611795198266, 11.281846203339683], [9.95765533772368, 11.286293810411053], [9.94840538689914, 11.296300804238797], [9.941470758668629, 11.313944955095678], [9.912999998850921, 11.316399999060764], [9.911917325724062, 11.318306611261164], [9.913697440184762, 11.31993870180969], [9.918282961889247, 11.347373859915763], [9.903520523053771, 11.347459320691144], [9.882633209155301, 11.35896968780088], [9.883483953421774, 11.36759865135673], [9.885651592047395, 11.370338918906043], [9.889473482315395, 11.371401465205508], [9.888389661653605, 11.381020120082553], [9.884453686088818, 11.381299728299894], [9.879976272786791, 11.388879776580495], [9.885144723350379, 11.39634418823374], [9.885558271197283, 11.406417543934538], [9.876164767889748, 11.415382014868158], [9.876079890774406, 11.42344247019389], [9.880074967086102, 11.435524202679858], [9.876887729285329, 11.445888277721906], [9.878001105266833, 11.448499559107404], [9.874845178262433, 11.452697158247304], [9.86887079215336, 11.458267899843747], [9.864559282185155, 11.458407665281584], [9.855712725861679, 11.465970105735835], [9.801438171834207, 11.443355710397782], [9.784703517953062, 11.468231546348818], [9.786487578638912, 11.482159614874377], [9.784049033636052, 11.491339683879346], [9.787869533552168, 11.504716107362526], [9.792138521775428, 11.506521610583889], [9.805576800628899, 11.521414665154737], [9.815376373021252, 11.529254320730388], [9.829698824840932, 11.53784779164232], [9.830783568207153, 11.540342700755104], [9.819567964689895, 11.579875789036464], [9.829466521862571, 11.588061135013447], [9.834908586661982, 11.598879487298575], [9.817196839162818, 11.604136692854127], [9.822817782714537, 11.613430273388474], [9.821491694586086, 11.615739336701097], [9.819659795363293, 11.615901672424286], [9.81865122097713, 11.61962632079809], [9.813597562577513, 11.619209756625025], [9.81150767843667, 11.620826493048241], [9.81067579924877, 11.624813298295123], [9.812547526746982, 11.627606937010569], [9.825916387831057, 11.626764527660896], [9.828206061760397, 11.634650231223247], [9.825718879622627, 11.648440360834059], [9.822109222162908, 11.657609940146642], [9.82079075129218, 11.67157821106565], [9.827824400275915, 11.682429614335263], [9.830646119422909, 11.68459840858975], [9.827777643623392, 11.692276464986946], [9.801982061123283, 11.691472456688587], [9.784254336268646, 11.723900866631766], [9.784824852684835, 11.727239502601037], [9.77956752122418, 11.736505050367839], [9.712555872655457, 11.720866605309652], [9.70372517227895, 11.720727179815526], [9.692391693721731, 11.722162918683807], [9.6849043916244, 11.725340679428882], [9.661245433729846, 11.727077069751033], [9.639735107289425, 11.732978133234326], [9.632009768136356, 11.738512725681801], [9.632076808098248, 11.740469058700171], [9.63424444672387, 11.741511586090894], [9.630650728848082, 11.742386560791203], [9.630669887105682, 11.73947263865142], [9.628525665926816, 11.73917556020399], [9.626999968773589, 11.741139255971916], [9.623387237431132, 11.741176488803944], [9.623349207799777, 11.74396895480345], [9.619147031110629, 11.745476875057761], [9.620054966863279, 11.75368070030413], [9.620891599867491, 11.754453250317283], [9.62315431122255, 11.752982610559059], [9.625740265900617, 11.757364450209252], [9.626920639575928, 11.755778001153885], [9.62811944035991, 11.758402259756508], [9.625571514413934, 11.759295794665263], [9.625780672440158, 11.761380701957876], [9.628755708908898, 11.759274155178161], [9.630381437653284, 11.763825561100816], [9.635123149114065, 11.767343774595588], [9.634452891587728, 11.770177860320075], [9.636321055072699, 11.770128996555968], [9.640057380243945, 11.772523285021634], [9.639925467686226, 11.774213934925228], [9.643077101327208, 11.775009694641767], [9.643162666423962, 11.776531405999663], [9.64069554995973, 11.777871620678809], [9.641351546037072, 11.778737173182037], [9.644959523563216, 11.779742327446513], [9.647583508771959, 11.77749468693031], [9.651490963237393, 11.779030344075181], [9.655541025897662, 11.77809498889269], [9.658336140400593, 11.781068565761757], [9.661159775103613, 11.780873120598073], [9.66225785541576, 11.783469741235592], [9.669522971008348, 11.784340499914208], [9.673088166885464, 11.792158108609897], [9.676082930882615, 11.813097031003224], [9.677794224723755, 11.843246268400605], [9.673456826871131, 11.847074590619911], [9.673768271088875, 11.85930728600249], [9.682552490005435, 11.866753680637885], [9.686159910851245, 11.867926731133764], [9.688156421081999, 11.865693771150688], [9.687798285862243, 11.864222704214455], [9.690580754098562, 11.864019038347976], [9.695286812836173, 11.858924995891869], [9.69920852785134, 11.86025085199526], [9.70313024376577, 11.858715649907367], [9.701754672240384, 11.854977919995065], [9.703864079763491, 11.851139825742393], [9.70652752902231, 11.85169307337668], [9.707925729289002, 11.84987178795268], [9.73164783038311, 11.85792827367095], [9.747598517357744, 11.861124285257631], [9.749873112354294, 11.863978332334227], [9.75360943662622, 11.862457108408876], [9.762950249554422, 11.867788335363457], [9.777814913427562, 11.872551653036396], [9.780526666172761, 11.872212337029794], [9.782302133836481, 11.874619690846089], [9.787058104947619, 11.87449408973049], [9.790259650962184, 11.878457454148247], [9.800199416869646, 11.880139075757768], [9.803999915863471, 11.882406807128518], [9.80866193839779, 11.882015775607613], [9.81619101130616, 11.886742109560771], [9.833508327847085, 11.890391750878678], [9.873014235918276, 11.923108843198577], [9.88271711590221, 11.93321066064351], [9.888763882147487, 11.93663069964714], [9.89155231738556, 11.935434610319078], [9.900524726634899, 11.938108822664105], [9.90872467670249, 11.94316650193258], [9.923401401153797, 11.943805972067992], [9.923579660273163, 11.946654500904515], [9.926312976962379, 11.94793342228968], [9.92666949699975, 11.949677396594609], [9.930353532889285, 11.950084321834026], [9.93148251120897, 11.95182828264916], [9.933681048741448, 11.94956113313981], [9.934512927929347, 11.95200267828102], [9.939682462175938, 11.950840040135802], [9.94140563965857, 11.953630363050877], [9.950318629800961, 11.95519990844906], [9.951685288145597, 11.955955610563024], [9.951507028126912, 11.957757663985035], [9.95970697909388, 11.96037352741638], [9.960538858281723, 11.95514177717132], [9.962656660976165, 11.953920695683621], [9.96780805499776, 11.954364679286584], [9.971230642680041, 11.962568041382042], [9.973341239106958, 11.96413055857846], [9.976307482004756, 11.962735453778237], [9.983961797199242, 11.970164876407978], [9.99658060391181, 11.975133765610849], [10.012213758258383, 11.979009284251106], [10.0166648214244, 11.982664987898943], [10.020079612883876, 11.983550072777689], [10.023681805071305, 11.98046243039687], [10.03122813686906, 11.978718653043472], [10.037211168160923, 11.974598910011764], [10.03786252913244, 11.976182007293858], [10.041270105331137, 11.976335474802397], [10.0445976211833, 11.981101809700817], [10.04578602040857, 11.980113675106054], [10.046142538647302, 11.981276187346225], [10.048103397054206, 11.981159935582582], [10.047628037903678, 11.977498004129643], [10.05101497376205, 11.979009284251106], [10.05404538958311, 11.978079265645647], [10.053748291350587, 11.980927433854049], [10.057670006365754, 11.985344940616585], [10.061294622249079, 11.98633305902348], [10.063374319769082, 11.983601198336657], [10.06640473559014, 11.983601198336657], [10.066998935652407, 11.984996194318967], [10.063631534867511, 11.986282099839059], [10.065275758169776, 11.988367404632072], [10.064562718095033, 11.989297388164005], [10.067119802736784, 11.9899008125725], [10.068187333978301, 11.987786164699799], [10.070148192385204, 11.988599900065367], [10.069494573216048, 11.991912944027206], [10.074782946575795, 11.993772881413406], [10.077278584139378, 11.992145435863222], [10.0789423416158, 11.998422664174655], [10.08019015994796, 11.997318347963414], [10.07971480079749, 11.995284069804029], [10.082149394179226, 11.997533910061975], [10.084772837996127, 11.996937952724409], [10.086607513426031, 11.991738573576356], [10.089103150090352, 11.992203559946404], [10.090410389328042, 11.995342192088515], [10.092727765973677, 11.994179739203673], [10.095401662656627, 11.99970134184349], [10.092014726798254, 12.002723643981028], [10.092014726798254, 12.005978392988482], [10.097060204065201, 12.012109755760662], [10.09587001788708, 12.014399530414039], [10.096590061881898, 12.018706410672337], [10.100392936884589, 12.01638170275345], [10.104730591943337, 12.017137234895529], [10.10550305112497, 12.015509933236899], [10.108652307857767, 12.015509933236899], [10.109840706183718, 12.013882620786376], [10.11192040370372, 12.014870633073315], [10.113346482054567, 12.013475790875077], [10.118159497163106, 12.0133014348134], [10.121011653864798, 12.01521934159939], [10.124636269748123, 12.014405687172768], [10.127191327317973, 12.016149230702467], [10.124933368879908, 12.017137234895529], [10.12534930892349, 12.018357704844277], [10.130340583151451, 12.018590175096563], [10.131350722357979, 12.019868755638583], [10.132123180640349, 12.021379799238389], [10.129449283957342, 12.024401857659655], [10.131957926617076, 12.028248419928673], [10.134381138179037, 12.028295614551041], [10.135866637435413, 12.025389831275731], [10.139134733281367, 12.023297649367066], [10.142759349164692, 12.024576207426094], [10.144660786666009, 12.027540114784529], [10.145314405835222, 12.025157367318684], [10.154999855159247, 12.023297649367066], [10.157670542161839, 12.027465006105217], [10.156782452648144, 12.030213415216963], [10.159099830193043, 12.031027022878845], [10.162287273039283, 12.036740154134861], [10.164925517898382, 12.03687962639367], [10.162109013919917, 12.039738795109372], [10.162427346045206, 12.041661813641838], [10.164566463571475, 12.042417275636808], [10.167240361153802, 12.040673901179673], [10.174489592021132, 12.039453532854282], [10.176272191308612, 12.042707836697332], [10.174905532064713, 12.046194547840173], [10.17074613702465, 12.048460887060344], [10.168904118630223, 12.051540752104074], [10.166289641953483, 12.05026232084947], [10.16569544189116, 12.053981373641534], [10.168309918567957, 12.057932812149602], [10.162590078369476, 12.065710809306438], [10.152493027331388, 12.089872270588842], [10.152797672674524, 12.102385597617285], [10.156847736234113, 12.119731160065044], [10.157304081018594, 12.12937948897229], [10.163999334002085, 12.13895243041037], [10.165849686413935, 12.151109695156379], [10.170390128701513, 12.164979934576365], [10.162219073851247, 12.18323637266053], [10.151511500055733, 12.20227206070706], [10.147536091017855, 12.238220385662316], [10.175018866427592, 12.273441366825693], [10.1798493598601, 12.287963031069069], [10.19624093407191, 12.311024865205411], [10.199378306263895, 12.31348632403467], [10.202349302978007, 12.311558957280113], [10.206627538030489, 12.311860835409277], [10.205534210635335, 12.314229400566433], [10.206152177980698, 12.319291559358021], [10.20356146858694, 12.316830155387436], [10.201992782940636, 12.317178469111127], [10.204512187787259, 12.324260739041904], [10.196383541367368, 12.321311751436212], [10.197505389861874, 12.32472978764963], [10.194995491748614, 12.328129204299387], [10.198899999135676, 12.330600000789445], [10.201699997856679, 12.33610000081444], [10.201174906197025, 12.341918706183378], [10.207682932021726, 12.354248277436113], [10.209619081555445, 12.355683875110799], [10.220540808211751, 12.35630253403474], [10.225823210972464, 12.363988194199862], [10.226556817643086, 12.368633802308182], [10.242897874237542, 12.379921562030518], [10.254056937377811, 12.391029850347365], [10.225000978812147, 12.433852896094322], [10.240465345699192, 12.434042293317248], [10.258073357299622, 12.459621498933075], [10.288054970960218, 12.455457592893652], [10.302706330932494, 12.448556763883573], [10.32571372910536, 12.44280082220024], [10.339213937073566, 12.441315396688253], [10.34425865081613, 12.444664923447533], [10.347732664430964, 12.44490286877243], [10.349772763002647, 12.443367663087258], [10.352200000829441, 12.445216949802443], [10.357761924573197, 12.44591577339429], [10.363172054446807, 12.452084535373046], [10.381150172142782, 12.463731692963336], [10.393866037287864, 12.465170574962087], [10.410978978397168, 12.459484625714936], [10.420842686840558, 12.458904420902343], [10.429619789421793, 12.455969810758234], [10.433270454168166, 12.443349837624964], [10.437836787038123, 12.44091739362284], [10.447343976343461, 12.439292699098814], [10.458871443162593, 12.440685295689889], [10.512547510059562, 12.468405565864202], [10.51568668089567, 12.468194717112567], [10.538997579574698, 12.477849174899575], [10.554571083688586, 12.480819251607215], [10.55474138290856, 12.472459115196045], [10.557714757430176, 12.467142447366086], [10.562592969789762, 12.470977758217032], [10.570082595735244, 12.469947450814232], [10.572649536946642, 12.477118399294739], [10.575786909138571, 12.474820931840554], [10.578639065840264, 12.47523865523982], [10.581206007051605, 12.476909538944142], [10.583772948263004, 12.481713270351179], [10.590760731822343, 12.482270218695703], [10.594946714419393, 12.485627047050627], [10.601678064391194, 12.485110626654148], [10.603229472262399, 12.487071303398011], [10.602510815921448, 12.488344835146052], [10.605591947210655, 12.488953508897339], [10.590513908390221, 12.504948748286154], [10.59285267720935, 12.510100014604063], [10.59490622963881, 12.51132516462468], [10.604660605702463, 12.510656901794619], [10.605231036683051, 12.511714984758783], [10.605630339268771, 12.514555080652485], [10.604375390212113, 12.515000583210394], [10.598728119906866, 12.514165265015038], [10.591654771250717, 12.516225711647337], [10.591198425566915, 12.518397513234675], [10.592510417721655, 12.519845372266161], [10.595219967127832, 12.521028711905558], [10.597049713373622, 12.520150184883164], [10.598214732024303, 12.522003222670662], [10.59770134324242, 12.523854782871979], [10.594050583167927, 12.525469667591153], [10.589715305017364, 12.525692409876854], [10.589087830039375, 12.527919819244289], [10.592416963771882, 12.53267216788629], [10.598157688026902, 12.534156457554502], [10.598100644928877, 12.537608819091759], [10.594335797758902, 12.540170217781395], [10.589087830039375, 12.537107672780905], [10.58600750094547, 12.538611109015505], [10.587001630420957, 12.54250446031267], [10.595419618420692, 12.552197317352352], [10.594630936368674, 12.558712440626664], [10.599298550887454, 12.558322012550889], [10.602550010174866, 12.562609212944892], [10.601946039877873, 12.564675815436601], [10.587832880982717, 12.565838485058066], [10.585437069065506, 12.569902856831447], [10.593194935797726, 12.582206932304132], [10.592087347852896, 12.588785564802038], [10.596484422917854, 12.590757267234153], [10.596496781401413, 12.616869896728417], [10.588794794943908, 12.642157220179627], [10.581006034700806, 12.64781312667452], [10.582717329441266, 12.653935537595032], [10.582337041221535, 12.659686759636315], [10.583668047742265, 12.661541964789876], [10.586805419934251, 12.663582674900567], [10.59631260923959, 12.663304396780518], [10.600145113306382, 12.695164374935985], [10.593805850659521, 12.698625759371339], [10.593385250329106, 12.700297688087858], [10.598615604826364, 12.703082687016433], [10.598615604826364, 12.70609687457113], [10.584117142192383, 12.711429580011156], [10.580675638170192, 12.736099911881468], [10.57639740311771, 12.745335923214327], [10.57301012371829, 12.761505400853594], [10.568658153251192, 12.785689930645844], [10.569012755034692, 12.793997229188847], [10.565744659188738, 12.794402842317368], [10.563783800781835, 12.797213138275765], [10.560877086708217, 12.798027269343038], [10.558079488277826, 12.809467985759], [10.55305850404676, 12.81111930201422], [10.55011658960899, 12.813748851328455], [10.546284631430638, 12.819259847364094], [10.546700570574899, 12.82059243669164], [10.543462184732107, 12.819578510439953], [10.537698451322512, 12.823605224901257], [10.530122410420972, 12.816594645326688], [10.527389092832436, 12.817029189645439], [10.526557213644537, 12.819694388085566], [10.524834036161906, 12.817637553130623], [10.512801500189141, 12.819578510439953], [10.503858800043645, 12.814132202639087], [10.49506464991373, 12.815870398799916], [10.49375741157536, 12.814798513041012], [10.494621972126367, 12.81080352486282], [10.501966274823758, 12.80927388328314], [10.502964530388795, 12.807048931762836], [10.499713071101382, 12.803831989354876], [10.482714217087505, 12.798936965968267], [10.48066066375867, 12.791371742112233], [10.475218500933124, 12.790039292179642], [10.464959542249119, 12.799052851707813], [10.450175625804548, 12.807018054439709], [10.43320834518903, 12.81985532716169], [10.419374959087122, 12.824604697249015], [10.40958255429149, 12.830537442049376], [10.385395140373475, 12.841130544738917], [10.331009735011321, 12.847262016329012], [10.325251021617419, 12.811462194624653], [10.314901008374875, 12.814549525839993], [10.298204570284724, 12.817086004315684], [10.290516513426383, 12.815451401960672], [10.29551936912361, 12.835532512315638], [10.303831532998913, 12.855387647322118], [10.30466274938641, 12.861060255126745], [10.290116464403354, 12.875484308753869], [10.288971620244126, 12.905634596559423], [10.271866585974237, 12.9175925103861], [10.274100802310215, 12.934454196204229], [10.270723773383509, 12.93890986929506], [10.270418756620359, 12.944802659914899], [10.263975635767054, 12.954846954923084], [10.277300000194884, 12.95840000006001], [10.283399999110713, 12.962099999815166], [10.284607371333152, 12.964262316252928], [10.2820115043275, 12.979373909678259], [10.2654109195783, 12.983551104999549], [10.263652090271819, 12.985264963707152], [10.260318110992102, 12.99752559922706], [10.234695812561768, 13.008795074832904], [10.226472033157847, 13.006897960372612], [10.224334273607894, 13.014821153973116], [10.202854973778074, 13.00818260594258], [10.174447493856803, 13.002235551129843], [10.154630372293923, 12.993330822159749], [10.149004444699415, 12.987647766930934], [10.143818210042411, 12.986682886106337], [10.13988603681122, 12.989192872353215], [10.136410589677041, 12.989413557889407], [10.117848772402965, 12.984629150215142], [10.098623263552838, 12.985513558803746], [10.103655039648402, 12.96629977621376], [10.097262704410355, 12.966420386092011], [10.088749543856409, 12.983572616782908], [10.063749804709744, 12.977751410399321], [10.05688302942832, 12.973972112023375], [10.060880426890265, 12.965690793095689], [10.05117222741643, 12.952841703282047], [10.03900801630698, 12.961716591847278], [10.032086601815251, 12.965175105646665], [10.029083420163772, 12.965077221636534], [10.019167700329149, 12.96381355994788], [10.0061672770982, 12.957071708592537], [9.99702556507782, 12.955570140249847], [9.987998941098283, 12.956416817781985], [9.964408593381904, 12.944368898006303], [9.953677990646781, 12.93601928096507], [9.943062360839349, 12.911209778108798], [9.929673063561097, 12.918537914593117], [9.910963494869463, 12.877478461861585], [9.91771208034828, 12.872301308558576], [9.91536691285279, 12.863380631910672], [9.91023303132937, 12.858542380026847], [9.899680050993595, 12.855094373006978], [9.896399023795937, 12.852719905599201], [9.858193870850528, 12.820207731901348], [9.816185429214215, 12.80747327417231], [9.797419982046563, 12.80967632180483], [9.792943739661894, 12.81451900105111], [9.78695638173167, 12.81440605609464], [9.78534786601125, 12.812730915899124], [9.78676507344943, 12.804227277367033], [9.785599136590918, 12.799111436243834], [9.780904174588045, 12.800379403886438], [9.777350372221974, 12.804176718380916], [9.777653719843329, 12.799282197715286], [9.765183857948728, 12.796216203814822], [9.74833065183816, 12.79819870080945], [9.71426846961424, 12.810221087932916], [9.71399258279149, 12.813919089394517], [9.71123214524738, 12.81399926755222], [9.70482665382707, 12.822606645580265], [9.68073348975878, 12.820853580028768], [9.661990387146716, 12.833807799690248], [9.634931564739986, 12.802434921334623], [9.556581591167571, 12.813119164018246], [9.536378814230943, 12.811126010057365], [9.47544245120821, 12.81368980364158], [9.430753942640365, 12.823119459695363], [9.380372899090048, 12.822315626764805], [9.366707098054178, 12.82084651675342], [9.193276163564121, 12.832797987836898], [9.185480268999243, 12.834373834784685], [9.12885861932989, 12.833116247117175], [9.089118569166658, 12.83515557496986], [9.08170296102287, 12.834228611361368], [9.057519298177112, 12.845205927811378], [9.040895137700488, 12.84614142059013], [9.047338499572163, 12.816157329297369], [9.01499485882573, 12.809146657092583], [8.982868786565291, 12.80676876956312], [8.97125416464803, 12.785102119367366], [8.969963653699722, 12.77564281626303], [8.951332270268097, 12.738121687665796], [8.923190990571811, 12.707054569812612], [8.908359776082875, 12.70195363495236], [8.883529117574767, 12.696092996894322], [8.864637001796268, 12.669043435706044], [8.850491907975197, 12.678794438412638], [8.847932220695498, 12.675345693948657], [8.831029291069001, 12.67041995511687], [8.829696792572975, 12.670503712576306], [8.828626986945949, 12.675935545788832], [8.823927400629088, 12.674430193998319], [8.804685135610555, 12.673134643249227], [8.759254548758463, 12.673896189157858], [8.752371157602909, 12.672681243744478], [8.744812943062925, 12.666652041258772], [8.722946407750555, 12.66994493141351], [8.722789651421351, 12.68271699968983], [8.712407232907537, 12.680555802008712], [8.701200001179132, 12.687000000249839], [8.688016502059952, 12.688210581253372], [8.683581139258195, 12.708047621900278], [8.67808148996886, 12.71255634689794], [8.67672870906273, 12.715904373588046], [8.668633008406687, 12.719465191565405], [8.66389433575506, 12.72577001827176], [8.651025612841806, 12.727596055713434], [8.651846301765488, 12.733124862822194], [8.63627339210342, 12.737315143279261], [8.60382689499528, 12.737272796002799], [8.594412673106433, 12.766215766444532], [8.593052076192407, 12.777338586006977], [8.588195488930694, 12.794441790156554], [8.587099101142655, 12.802715978359743], [8.589058318286789, 12.808618953801727], [8.57403483503964, 12.820465466807889], [8.563938892865679, 12.82527427758589], [8.563190272912834, 12.83413875020318], [8.552150601968776, 12.831819272741313], [8.502112606611547, 12.833821830013505], [8.485254777086368, 12.832024177873564], [8.469829929108016, 12.828112277159903], [8.459164050580512, 12.821883989054925], [8.444071388783641, 12.816090095081847], [8.435351537043857, 12.815188293604933], [8.42290342885019, 12.82093204857523], [8.398377832970652, 12.825942683408186], [8.370633503233648, 12.825492111371886], [8.360830317365298, 12.824051433426973], [8.352394484118179, 12.825465740551522], [8.337479200105065, 12.836011287990573], [8.292329120792317, 12.829145269038975], [8.260585566171017, 12.83010444456454], [8.245017770054119, 12.8278970298241], [8.242117851257888, 12.826141564881368], [8.230117278989269, 12.826155354186312], [8.210958039382035, 12.817520348085623], [8.192468934094109, 12.815703329944768], [8.178882607946036, 12.811285219737158], [8.152061002413404, 12.818632779779023], [8.127836427609111, 12.80111341974856], [8.127918637335313, 12.796827571035635], [8.152304576594986, 12.796827571035635], [8.162865770438998, 12.763920262210377], [8.16714400459216, 12.756687801001249], [8.172108300957348, 12.751146484322817], [8.180168854309215, 12.756107496363938], [8.181963563867441, 12.7503263619721], [8.179178141358193, 12.748494532896416], [8.185127751144876, 12.732469972910962], [8.166788755296864, 12.728950090274509], [8.144535414377913, 12.721262380554492], [8.143331459579258, 12.715329469379583], [8.153890102046603, 12.690600001688779], [8.160023516172373, 12.683965513197904], [8.160432935231825, 12.667056629160129], [8.153242574884985, 12.655401583616253], [8.182134731832434, 12.651782658642844], [8.183460517788717, 12.635248842260296], [8.18526890423658, 12.629936396747382], [8.190395369950409, 12.628724285997066], [8.190395136126654, 12.624009392319635], [8.203539322281927, 12.621629710642708], [8.230492202752998, 12.612514462072795], [8.23701323187521, 12.608953932777808], [8.246199606926382, 12.594415679639951]]]}}, {"type": "Feature", "properties": {"shapeName": "Kano", "shapeISO": "NG-KN", "shapeID": "27671186B50148357657004", "shapeGroup": "NGA", "shapeType": "ADM1", "stateId": "kn", "stateName": "Kano", "stateCode": "KN"}, "geometry": {"type": "Polygon", "coordinates": [[[7.750667224912547, 11.371434143870715], [7.754816426137211, 11.372430235666911], [7.757087549750679, 11.377113222297396], [7.76000524094917, 11.37540642686514], [7.764804234727706, 11.379283311575591], [7.769377192903164, 11.379124867218877], [7.775499824157635, 11.374940017767642], [7.775472569303702, 11.370249466040093], [7.779227907941674, 11.36602021256283], [7.777470323296825, 11.364944603610638], [7.783107711851471, 11.361145814227996], [7.788996544554948, 11.359880111977645], [7.798442528699809, 11.37673605382588], [7.800465461012266, 11.376739246419163], [7.801633279252485, 11.373606750351314], [7.805519807393239, 11.371695700895941], [7.806160354017152, 11.377498849792119], [7.811258091787579, 11.3791750556843], [7.813499903797549, 11.378473990981945], [7.819492375272944, 11.372235838213385], [7.82136116108876, 11.373493630027042], [7.826804422885857, 11.369598802942448], [7.832862880317748, 11.371885607135084], [7.835938249650553, 11.377384953352987], [7.855785315040293, 11.378065418184576], [7.857126937158455, 11.385470584300094], [7.866036010753362, 11.381783203831844], [7.878918252275582, 11.386228914233072], [7.878981561849628, 11.391949407339325], [7.882250283623762, 11.395108223865464], [7.88265279499052, 11.399460079219352], [7.889118206440116, 11.405236613578893], [7.896634329111066, 11.418940978443459], [7.893100156247272, 11.424186710448396], [7.893784674323285, 11.427243269561302], [7.896788945953119, 11.427653292965147], [7.898614325990422, 11.431082559012964], [7.90331087709535, 11.432312612137366], [7.906911724796316, 11.43139007319337], [7.909395477819089, 11.433521693071725], [7.916841204258219, 11.43534738787173], [7.917703625322076, 11.440109361058205], [7.930151216405534, 11.448440593258795], [7.931389963276217, 11.453260162626464], [7.941881126013186, 11.459686633431431], [7.942495345883572, 11.46318782635717], [7.945026635271063, 11.463131920002184], [7.944795153373661, 11.46439623100133], [7.948743232014579, 11.466183244161414], [7.954048242832187, 11.466183244161414], [7.956871879333789, 11.467608809898707], [7.962690278033961, 11.471382331929135], [7.968423113435961, 11.478677663843143], [7.977920795108673, 11.479013075892794], [7.978690878281441, 11.483289558166632], [7.980231041929073, 11.484295779027036], [7.98254128874953, 11.483038003401191], [7.988614933932126, 11.484735295697362], [7.991012194657117, 11.487649824879554], [7.994777041827092, 11.486895167777845], [7.995718253394728, 11.491590777292572], [7.997600677429375, 11.489326832067718], [7.999483099665383, 11.489578383235823], [8.00090000043474, 11.492100000414723], [8.00908666841508, 11.490827076608355], [8.012317804822885, 11.491842325762775], [8.022500000974333, 11.488800000219896], [8.030286393302447, 11.494106250303275], [8.039099999365533, 11.491700000854394], [8.040230222346906, 11.487153214749128], [8.044651064694904, 11.487863616212962], [8.046956557699048, 11.486477749248763], [8.054427251116806, 11.490528236389025], [8.056835319894162, 11.496678659392671], [8.060678601436337, 11.4977116179968], [8.061890767944647, 11.500918771284319], [8.067174388387343, 11.500380753668878], [8.073492391061052, 11.504619181130352], [8.0819157597046, 11.505513531724148], [8.083498590787372, 11.513813218405346], [8.086593297342858, 11.517386711427662], [8.097574101363762, 11.520111555603876], [8.101531468202722, 11.523989174161102], [8.102993199276796, 11.522661708271244], [8.106874133634392, 11.523747526327327], [8.109999881189594, 11.52085825820211], [8.113988850205317, 11.522285460705518], [8.120997062764275, 11.520208054658042], [8.150081420121467, 11.519170437565663], [8.161788653323754, 11.50553747527431], [8.16170309002564, 11.497152818847553], [8.152455213937003, 11.489022496990685], [8.153881293187169, 11.477422974690569], [8.140389536148234, 11.456754362423908], [8.143324521309637, 11.420267574688864], [8.140579678909091, 11.416289107956004], [8.128576852939489, 11.411280054131225], [8.113721870268137, 11.408484264237472], [8.122308050376262, 11.391738072953729], [8.122913757264143, 11.386672797111942], [8.149931987871014, 11.375393113301584], [8.14875435083269, 11.373381997181468], [8.165246165278347, 11.362968230999115], [8.167448604069875, 11.354343510444721], [8.187391280882935, 11.34060954979094], [8.200242825845805, 11.324357627702398], [8.206780772114996, 11.318701683436018], [8.226756880325809, 11.325946411397808], [8.237366902860344, 11.327065055607875], [8.248775529667, 11.325722682555806], [8.255680972199173, 11.315035737409403], [8.258605963194668, 11.312857961625696], [8.264405349327433, 11.313230860116164], [8.260032042444834, 11.304187933226558], [8.25632423837294, 11.30120463558552], [8.254708016361917, 11.295797332281097], [8.257274956673939, 11.279668045344067], [8.26070337915769, 11.276322790364532], [8.266079295223335, 11.277424458072346], [8.27309084696509, 11.27649209403495], [8.274207940743906, 11.277890638742008], [8.27663227465979, 11.277750785170667], [8.278023881097283, 11.27490395785145], [8.286115695782769, 11.268240543566264], [8.287826989623909, 11.258939782844777], [8.291677400991318, 11.256002638411076], [8.290964361815895, 11.252366130792325], [8.29374521486983, 11.249498853789135], [8.29398051798654, 11.242482060798523], [8.297907885240761, 11.234223938983632], [8.308208769419196, 11.235434888709221], [8.325179102333777, 11.22718216192726], [8.334020787929092, 11.229490152348717], [8.336172143429735, 11.233279502447147], [8.359306821752455, 11.22657951723096], [8.402927396182463, 11.22786172383951], [8.415070412969214, 11.230647560036914], [8.428038726805823, 11.229101214449543], [8.433814344756229, 11.226583402302197], [8.437878667966174, 11.21679170617233], [8.437781432367274, 11.210020653830156], [8.447175289108372, 11.203977862588317], [8.457492399754472, 11.18410932318676], [8.461872438062642, 11.171766610140992], [8.4646532902172, 11.169598067696711], [8.466863711391227, 11.16812904491951], [8.470072388130234, 11.169318252635321], [8.483406220620623, 11.161623281789048], [8.497595699581893, 11.162602654289117], [8.502087847376288, 11.15889501659177], [8.50610809121548, 11.158209151331334], [8.509004328187245, 11.158615193436503], [8.514645405760916, 11.163042590942894], [8.518701660253441, 11.162322834731071], [8.509931279205205, 11.151199769653715], [8.506047334816685, 11.132235616380626], [8.51963207725862, 11.1149074270362], [8.533952279873859, 11.107327630565749], [8.5464811292008, 11.10249488433152], [8.559244529811224, 11.099766064252492], [8.574082444249427, 11.092830331654511], [8.58962562592194, 11.084880768133019], [8.58994769562969, 11.082133893264597], [8.594639290570854, 11.082515630292164], [8.60731212765262, 11.071241218307648], [8.60986718522247, 11.040333126672522], [8.614759426106673, 11.01773997511981], [8.598995209961004, 11.00205993731629], [8.597114562986746, 10.989179611350039], [8.588533401994937, 10.967920303679136], [8.58657169282941, 10.957369803673544], [8.581279754557102, 10.942049980322395], [8.573578834695525, 10.9289703367117], [8.568487802270283, 10.90746791890939], [8.57800311155438, 10.907411560195385], [8.580770008928823, 10.901693660733883], [8.583741005642935, 10.88798166242384], [8.585043322891067, 10.861487555806093], [8.581478127014009, 10.858919904130346], [8.573902086112412, 10.842083734776566], [8.574998072802885, 10.827132030019243], [8.570002390997615, 10.828210392695496], [8.566971232336527, 10.827184167315522], [8.56915185357525, 10.817373840830157], [8.563054369163865, 10.816451434086446], [8.562530025740159, 10.796453231331611], [8.558667729831939, 10.789157126000589], [8.559261929894205, 10.784633451572574], [8.562844576216264, 10.77831476181683], [8.572947187762566, 10.77365359633643], [8.571637026627513, 10.748272388160217], [8.539378994145295, 10.733442759176057], [8.520602249694093, 10.731401415942628], [8.501429727999607, 10.725783977948254], [8.481234260752558, 10.715861896309491], [8.483955412312469, 10.70925745596685], [8.48966377176572, 10.702864907589458], [8.489836804025344, 10.697424197169028], [8.497382887610229, 10.67977970097246], [8.498228799819287, 10.664692858688511], [8.500997291691704, 10.660526798772821], [8.5073994340367, 10.655850540869835], [8.506330352363932, 10.650457082628293], [8.514212301256748, 10.643323252765924], [8.519031304950829, 10.64169521456256], [8.522645557946191, 10.637551079218952], [8.53454247435576, 10.632666846797576], [8.543728701018779, 10.631778795954745], [8.553934643768855, 10.636182302970951], [8.582732029259773, 10.6413327194295], [8.593646539756037, 10.645065435621405], [8.615607464313086, 10.639751540401335], [8.638812115286953, 10.630528219401867], [8.643929963696905, 10.63047962093782], [8.649561700012498, 10.624065508616354], [8.666434260432823, 10.59330276271237], [8.703522493168578, 10.549340327194386], [8.711128244972599, 10.543358511785925], [8.736037080646781, 10.560929762698436], [8.749727432275222, 10.565042037759895], [8.758464232638289, 10.573133635708757], [8.760375485340433, 10.581864407916157], [8.770643248387273, 10.58728475408816], [8.779194469149502, 10.598132018677745], [8.783176767893565, 10.596968705141705], [8.78190525422417, 10.601013806242236], [8.821880200111195, 10.672254869266851], [8.824746568799185, 10.675278695755253], [8.848175265176394, 10.67994038374178], [8.852458953717814, 10.686329842048622], [8.85521888674225, 10.707400322666786], [8.851278304849927, 10.720089912319622], [8.83798408479771, 10.733639716999392], [8.828980445691059, 10.75782012879597], [8.821589469978107, 10.76924038023941], [8.785644530970387, 10.797200203726447], [8.769371033246614, 10.829299926750252], [8.766169519607672, 10.851136632449652], [8.745786686706253, 10.857210978204137], [8.745073648430207, 10.859451852221241], [8.745430167568202, 10.861832760573463], [8.75013622630587, 10.86687462436447], [8.749948298575191, 10.885609106974755], [8.759604037896054, 10.923534669689332], [8.765248932192492, 10.926597677840618], [8.76718007879765, 10.930098218757848], [8.767922828875498, 10.936369918936634], [8.766717375806309, 10.94172474500101], [8.770747535570365, 10.94182110016368], [8.773270622241455, 10.938265988384728], [8.777281469064576, 10.936807474185628], [8.788697242783599, 10.94225025214746], [8.789707185038594, 10.947680472875561], [8.784114838129312, 10.974309921165968], [8.786822091566307, 10.9938616977592], [8.782900376551197, 10.999811240995996], [8.77981053982461, 11.01153498665036], [8.784244538354812, 11.037249566314472], [8.793812734969777, 11.061499368001478], [8.790437682752895, 11.06821729559175], [8.794245676696676, 11.068756497614345], [8.79268908423387, 11.082900533832628], [8.795525949762805, 11.08367984764692], [8.798466418990074, 11.074487055033615], [8.802353822171199, 11.074312418383442], [8.812918144756622, 11.091849163208337], [8.811894039978029, 11.097126070212028], [8.805056888364732, 11.100105738189313], [8.805270799308005, 11.103674185115608], [8.808693386990285, 11.10409400033791], [8.817766810789749, 11.09685211513306], [8.824576335229722, 11.095837536872864], [8.845633803557234, 11.100829554840118], [8.856180749442103, 11.098483736235494], [8.868851456929235, 11.102537325137519], [8.876416802193717, 11.109895680641216], [8.88266786742821, 11.112342917591604], [8.884892548252537, 11.11094357338726], [8.893353945628121, 11.117053995445588], [8.894019449338145, 11.121391850153827], [8.90114984199164, 11.131419978049621], [8.900997727063498, 11.135375162234027], [8.90978236866141, 11.143546553430724], [8.912246961628, 11.146686082196993], [8.914669183036438, 11.154398528669219], [8.919697823196032, 11.15877101626944], [8.917961307868097, 11.159709945357747], [8.920458683821266, 11.167684581977937], [8.9191876998525, 11.170250399036718], [8.921023591165863, 11.172203491797745], [8.91989377737599, 11.177489674409003], [8.92576011983374, 11.180260618732632], [8.940238370204668, 11.191879290297038], [8.941838240742243, 11.191173618367827], [8.94870403396402, 11.19437070914097], [8.948834396989866, 11.192196690724757], [8.952658382678294, 11.192495086678946], [8.952354202284653, 11.195138005314732], [8.955874007579439, 11.200295888844266], [8.963261252904545, 11.202384592175235], [8.966782937782398, 11.205968012813571], [8.9668245134406, 11.207925979000777], [8.970344317836066, 11.208607987069001], [8.97364008492201, 11.212069650294154], [8.97403794139791, 11.215854236683697], [8.977861927086337, 11.220628137578558], [8.979817374272443, 11.221693729881792], [8.983424088251127, 11.220542889942465], [8.985249173310763, 11.224677366567278], [8.989768427570937, 11.22480523577309], [8.995634770028687, 11.227490481900247], [8.995765133054476, 11.232946142650405], [8.99984984479454, 11.235929664222681], [9.000313146734356, 11.24008379283282], [9.00358692269839, 11.244283356092069], [9.008019269173985, 11.246542221046695], [9.009974717259468, 11.250846801738533], [9.01938694625062, 11.25774215207872], [9.018231174429218, 11.259655824856509], [9.018733327081407, 11.265259739745261], [9.02669559622484, 11.2771476161696], [9.034776707179333, 11.27691452358647], [9.03780712389971, 11.278079975710341], [9.044818675641409, 11.285946657712145], [9.05111718820774, 11.287286885881144], [9.055828071808094, 11.290914384091593], [9.062585235020606, 11.292997350647283], [9.07254117973173, 11.301702240366126], [9.075285369224446, 11.306249756720945], [9.081991786391882, 11.30932399470663], [9.083132649252434, 11.31386871866647], [9.084915245841955, 11.314917490949483], [9.08862304901453, 11.314218310326794], [9.099247332998061, 11.310442701869249], [9.10181427420946, 11.30680688492987], [9.114862891209498, 11.31694510603188], [9.117857657005288, 11.323866857769303], [9.123579446034682, 11.326305205820631], [9.124075366385114, 11.327723370137448], [9.12869586002597, 11.327499642194766], [9.12957671719181, 11.328953610320923], [9.142226158410551, 11.326206317267804], [9.140332658325576, 11.321570793257536], [9.141530564284153, 11.316368965255606], [9.142956642635, 11.315641820213898], [9.161436761897107, 11.314592454378328], [9.169493617236697, 11.308163150708879], [9.174776019997353, 11.306259581814288], [9.180426281447751, 11.30852368172259], [9.182395291309717, 11.311052710214426], [9.178145971259596, 11.318315145827341], [9.18676576982449, 11.320563995032387], [9.194971659014925, 11.326648778318486], [9.208422660577355, 11.35795784078175], [9.222237733784425, 11.373755062945861], [9.224856112619534, 11.392408547216746], [9.229063044024315, 11.396602458236885], [9.232485631706595, 11.405689055305686], [9.232057808920786, 11.412496823369736], [9.233412582724554, 11.413405442607143], [9.233840407309003, 11.419695824402822], [9.227637480984981, 11.426161859981903], [9.23151869323317, 11.449527157752186], [9.234889131028638, 11.452436463671916], [9.247731794286949, 11.457251118244585], [9.25251709408866, 11.472166274553956], [9.260469134343111, 11.476081170010048], [9.276225833955095, 11.492134975049112], [9.284237399436506, 11.502553683905433], [9.290793645110682, 11.506325184259879], [9.298590073872845, 11.498693319740937], [9.330505706573149, 11.516636082389311], [9.34320173267389, 11.53174404794953], [9.360311527055387, 11.560817456060818], [9.353685268260563, 11.572481700769913], [9.327360637083757, 11.57711134771057], [9.318972922962075, 11.580634053318931], [9.311695423704862, 11.588821036961349], [9.281907228136106, 11.613094105008997], [9.269142435375159, 11.62713811413272], [9.2675384711236, 11.630988206240772], [9.277752288337467, 11.638741300270851], [9.273991099609589, 11.644108900305525], [9.254468788403926, 11.642700534102403], [9.241398688398817, 11.645355392137674], [9.241170254303825, 11.657135000979565], [9.237571816785987, 11.66189970360847], [9.233513231250697, 11.66305991538286], [9.235241202119823, 11.672631777634479], [9.233344091256868, 11.67311836392139], [9.233001830869853, 11.67663773394429], [9.233943813156486, 11.679651193947507], [9.244567208609851, 11.678453129708203], [9.24370200684217, 11.6897127442478], [9.248594764836582, 11.690200768550653], [9.248879980326876, 11.696680444147205], [9.225754626175103, 11.735739992606625], [9.202528987722644, 11.730494469244434], [9.192965621366397, 11.72057342722195], [9.188665683874262, 11.712817826781304], [9.181780342089155, 11.710019929775967], [9.182605722775918, 11.707339434767164], [9.174281855123581, 11.702779360279294], [9.171219264257672, 11.702619054325964], [9.16571921207202, 11.706572205143175], [9.157363496728067, 11.719222983653822], [9.157159506206312, 11.741536160965097], [9.15289518906178, 11.749420034407137], [9.14150220686139, 11.75936458200988], [9.148214834746852, 11.765552567896748], [9.142713325659486, 11.772769133588668], [9.141563876072098, 11.786665544179584], [9.138907563833072, 11.793699412597846], [9.143934869398777, 11.826556042827178], [9.152298245167913, 11.829478431184725], [9.174044949414906, 11.829246194756138], [9.187067168614988, 11.834580513579908], [9.19019269044037, 11.837621060263757], [9.195719403028079, 11.848432346575578], [9.19828634423942, 11.861179393913972], [9.206022924018782, 11.863397780383309], [9.212333321125925, 11.868596408597455], [9.215588580048973, 11.875555201611292], [9.2123869548941, 11.878985420940467], [9.222165789819371, 11.89098742672843], [9.230000264400758, 11.894658304637119], [9.226550036954677, 11.908821296765495], [9.202028048255897, 11.90468222100776], [9.207032223258523, 11.924240605819364], [9.20745556202462, 11.946301769710942], [9.207014629821344, 11.956504681745741], [9.201046073117823, 11.961946890436707], [9.223018089912955, 11.989609094084472], [9.227965202931841, 12.014366012681364], [9.223964879075936, 12.026231673153234], [9.2203283786518, 12.032089681593561], [9.213967778690062, 12.054112448930425], [9.200416947883866, 12.06830000064457], [9.198712532057755, 12.082790336105177], [9.193782382950644, 12.084596694581819], [9.181874005580937, 12.085438744202747], [9.15629583598411, 12.067532689182315], [9.152829236380228, 12.05483833941787], [9.14753101634335, 12.04822861465891], [9.147719122139847, 12.045540639988587], [9.145401743695572, 12.04158901981748], [9.15193793718612, 12.027641662632675], [9.14894371458081, 12.019373484598702], [9.144272766275208, 12.02618877189434], [9.133339497719703, 12.035312798746702], [9.09830333712938, 12.022935939342176], [9.08469409355763, 12.027426902729417], [9.082806618031043, 12.032792319210216], [9.083717597988823, 12.038559387305952], [9.081521073139072, 12.046199939275823], [9.078005488362635, 12.046228028700625], [9.077145222973684, 12.059624772365396], [9.07408547576415, 12.073533917356428], [9.046638625572143, 12.07403069476078], [9.043786468870508, 12.075715748183256], [9.01365468281739, 12.069626261442863], [9.007388377671532, 12.062742522249664], [8.995955102246228, 12.064443549430337], [8.988468191354002, 12.068418074434646], [8.985073694895163, 12.079794688973777], [8.977986514665986, 12.08382751882499], [8.972496113105194, 12.084358195274547], [8.966506584211515, 12.082642208770949], [8.948823212121567, 12.075460508895446], [8.94570191800915, 12.072307587425257], [8.91499999865107, 12.07620000162882], [8.925223566314571, 12.096321132714138], [8.927833958270583, 12.11036266060836], [8.938439573227754, 12.113779121209518], [8.936575471980518, 12.119133351023379], [8.939043073179334, 12.122651139138782], [8.938571982211272, 12.130148058586087], [8.939709826047704, 12.132337766574722], [8.935788113730496, 12.142047267367559], [8.93054014601097, 12.147902740619031], [8.93122466318772, 12.155207960578991], [8.942013083337201, 12.153446060087674], [8.943177198169224, 12.154628146971447], [8.950626551574146, 12.168555698386797], [8.952237695113581, 12.185331892852616], [8.944537784291356, 12.196110305346338], [8.94376952944026, 12.201813439738487], [8.93440000025987, 12.214600002388238], [8.935213517090176, 12.231043436005791], [8.920517223391187, 12.266661984962695], [8.91746251418374, 12.26627367928694], [8.911535695016369, 12.284870930748923], [8.909896060954509, 12.300987923054265], [8.83962324401756, 12.308195393003018], [8.82514513394085, 12.302385559446066], [8.81600800306694, 12.302004844947703], [8.787930363895214, 12.277258450217346], [8.77460538163308, 12.275354881322755], [8.761107338333034, 12.287673561785482], [8.758340381603375, 12.293422603870113], [8.723540749905737, 12.294803306027802], [8.725051032679062, 12.30549092296775], [8.734036876900404, 12.305863261180605], [8.74023342073582, 12.315799713086335], [8.751808166713545, 12.32859993014273], [8.74686435330733, 12.331983607757365], [8.755630468871118, 12.343993654383667], [8.780027502167513, 12.341198902307553], [8.782957593218384, 12.366204737958356], [8.795099048782106, 12.382300603390206], [8.785007096900074, 12.39260881974127], [8.780443070791137, 12.387134677023766], [8.774043544573999, 12.403343812966625], [8.763844511315199, 12.419931273909185], [8.75742422155065, 12.421266086360845], [8.738697938059431, 12.417236773758134], [8.73338061462374, 12.423411892145168], [8.729479668551903, 12.425498248245617], [8.709885424173024, 12.415942697897265], [8.704897314659377, 12.42731403071798], [8.695567820598512, 12.442824899749382], [8.698853930764358, 12.454577904846474], [8.688556913670652, 12.468468453656271], [8.687487108043626, 12.482753999997158], [8.693213608621193, 12.494584264951925], [8.697087753097378, 12.495104718807795], [8.704979933577135, 12.502458930235491], [8.714478439028767, 12.523502503138047], [8.718106491221647, 12.537965011775896], [8.728150472366451, 12.546003584797631], [8.737576067081875, 12.550970528766925], [8.729983675606206, 12.559105350831317], [8.719116211344101, 12.566590309295407], [8.69192202837894, 12.572209768066386], [8.683174449641172, 12.561931062068936], [8.66081974703377, 12.55886481455957], [8.645744572554008, 12.559826921875015], [8.648667600329532, 12.583509466288888], [8.640747477014486, 12.592996530565472], [8.611224820669008, 12.594588039206712], [8.599816193862296, 12.597148871323384], [8.55601864004825, 12.602577516439283], [8.53197406904809, 12.600740378665591], [8.507720358907477, 12.595267868217604], [8.495969472613126, 12.594377140992322], [8.49243279873474, 12.601892556796088], [8.488667951564764, 12.600500829849466], [8.458427349342742, 12.586906936805747], [8.410248848905326, 12.50469564308952], [8.407974102822664, 12.495887361912253], [8.403695867770125, 12.488693728932503], [8.397872714354321, 12.48324035695697], [8.396161419613861, 12.472588547423584], [8.387414805848664, 12.470302644351591], [8.384681490058767, 12.457190222251029], [8.384859749178133, 12.45034364933997], [8.379511955812177, 12.442394435654705], [8.37688189658229, 12.435615729182587], [8.367167489987708, 12.43565933011405], [8.365613978602255, 12.431705143277782], [8.35824018983294, 12.437914423312009], [8.35467942401624, 12.479670207614049], [8.335419945973797, 12.49916374321225], [8.311143807640633, 12.507679212325854], [8.302868947643844, 12.52818426938859], [8.300039530300126, 12.52719102394667], [8.297087994915103, 12.53361246394411], [8.301248940386358, 12.536081365562609], [8.294625723998024, 12.576650534894327], [8.2900571590107, 12.58879530266114], [8.288612586102033, 12.599858144637722], [8.278800273913532, 12.604603956107724], [8.256289885170133, 12.596212444149046], [8.246199606926382, 12.594415679639951], [8.236084047840563, 12.591205942600197], [8.232354853393815, 12.584921972071413], [8.228276267835554, 12.584734076716302], [8.194753641067734, 12.56760731302711], [8.179865977932593, 12.564088130063226], [8.181350326056759, 12.561741329398899], [8.17968796163018, 12.554727827027648], [8.180580593619538, 12.55297138901841], [8.179242625446875, 12.552120800334706], [8.179329333581904, 12.548867624241495], [8.176626613627377, 12.542496889819631], [8.176976967013445, 12.538344102997996], [8.175626611578934, 12.536956655025676], [8.17795587276538, 12.532757193389784], [8.175959364333266, 12.530228202669491], [8.177837033652224, 12.527323314219643], [8.174343142322186, 12.519545844964796], [8.175487517934641, 12.517470953421821], [8.178181577417888, 12.518062610201355], [8.180903102196453, 12.513373822044286], [8.179833542983658, 12.51070541931972], [8.183517578873193, 12.506621551143724], [8.18622712827937, 12.507967377592479], [8.190386523319432, 12.505182900270654], [8.182661932402311, 12.501168556883442], [8.178977895613457, 12.496434801724774], [8.176812349710247, 12.496470951773063], [8.171681129280728, 12.492536350372347], [8.168808775604532, 12.481746268275685], [8.162895117116022, 12.474482830818033], [8.162164962942711, 12.462392861441458], [8.164964011080315, 12.45141351162431], [8.158782593841693, 12.447324362629274], [8.156739727156719, 12.440300485678904], [8.14861819617289, 12.439649406195201], [8.13016595499488, 12.441150616607729], [8.108160369205734, 12.416365816329403], [8.055168493930921, 12.417187663579853], [8.03357119855201, 12.40436511365914], [8.030248357375854, 12.395402801098442], [8.002419378051911, 12.39360169376323], [7.999278490410063, 12.388842771976385], [7.998843570174699, 12.384095650194126], [7.99337742602745, 12.381323675247472], [7.987286005744636, 12.372757615671503], [7.983764403604368, 12.371901009623969], [7.982527083957791, 12.372472080022533], [7.982812618707442, 12.374946721114327], [7.981194584562502, 12.37532743381405], [7.98071869301333, 12.372852795420215], [7.972438169086274, 12.368569764283222], [7.969106923745585, 12.363049414399029], [7.968059960898529, 12.362763879649378], [7.967012998051473, 12.365904768190546], [7.965299785956404, 12.364477091744448], [7.962634789863728, 12.36495298329362], [7.953523030663405, 12.358180948891743], [7.95035677044865, 12.358766385959996], [7.944876812714767, 12.349234277340088], [7.93369356680472, 12.344440126410746], [7.922605116632894, 12.336709740262336], [7.89235439793714, 12.330264883717462], [7.886647853315822, 12.309818841066715], [7.885003808978638, 12.298521295821217], [7.876962579359599, 12.289576295209883], [7.864537483018466, 12.280680187140945], [7.87014152920824, 12.266369104550563], [7.878136519284965, 12.253424836786849], [7.876404743384228, 12.235241306740988], [7.863154866204184, 12.232580026646986], [7.870784385291188, 12.223729883827104], [7.870758476722358, 12.219947067303337], [7.869570078396464, 12.215951572806887], [7.864402685435607, 12.209685190319306], [7.864262613329004, 12.201518517865338], [7.860980095954687, 12.19330729029923], [7.861648135752887, 12.18920576933084], [7.859509019125994, 12.17879756635466], [7.855508462345711, 12.176767369318668], [7.855837958654945, 12.172790501580437], [7.859628634354067, 12.169506959878333], [7.859977482275042, 12.162917498643708], [7.85854212202139, 12.15933713030438], [7.854320148556042, 12.156666588991925], [7.854221736643865, 12.155142348740469], [7.856598535094349, 12.150774110436885], [7.8552675276743, 12.150123515687767], [7.855200237700842, 12.14709721966102], [7.865468001647002, 12.139986962828118], [7.863186276825274, 12.131970270311797], [7.863217137960589, 12.12160874214976], [7.864211386146621, 12.11833058289011], [7.869603630303345, 12.115517865956804], [7.871317661680791, 12.112837165003214], [7.867321903682978, 12.101365198944848], [7.86946102210851, 12.096345353255515], [7.867036688192627, 12.093068459341964], [7.869817541246562, 12.090209858997866], [7.868225087417898, 12.082633257818657], [7.872362166680716, 12.075682072169968], [7.875642147067481, 12.06508349260912], [7.879790754739588, 12.044340710555389], [7.862991389241245, 12.01769640276683], [7.856705600283249, 12.001227860077734], [7.84479999912071, 11.995000000949346], [7.834676900118893, 11.980190557248477], [7.8293490770983, 11.968646745251135], [7.833395843743233, 11.969740260604567], [7.831798488609422, 11.96399249195997], [7.826216259972455, 11.95332943910239], [7.829526781335915, 11.922049634283269], [7.84371202628904, 11.901946552591369], [7.847689957025921, 11.893341341929442], [7.848209579908257, 11.886129289934843], [7.865105309562409, 11.873462988226379], [7.8603617697799, 11.863487863674038], [7.852334039884056, 11.835995395371242], [7.854918806557748, 11.833262022924089], [7.853000921355488, 11.824344344615838], [7.855323079696404, 11.817255320776496], [7.854975178761549, 11.801902477917054], [7.857506040071769, 11.794943217255707], [7.860846674334596, 11.761995857123168], [7.867620546051398, 11.75641126057127], [7.869403144439616, 11.75001210577409], [7.867501706038979, 11.743263745125773], [7.876846461594994, 11.71809826182539], [7.877844716260711, 11.711256028143225], [7.882550774099002, 11.70839340962823], [7.888326392948727, 11.707206461908754], [7.896597646664134, 11.696663349833784], [7.896098520230566, 11.694359173437135], [7.891607380576204, 11.691066054854616], [7.895315186446737, 11.683300000694544], [7.894442997846113, 11.678982100143855], [7.897668214016903, 11.674517112774595], [7.891892596965818, 11.667534138789506], [7.892890851631535, 11.664740901171683], [7.900948194403725, 11.661528642432927], [7.902302970006133, 11.653218495737065], [7.90104695255485, 11.64964696143818], [7.897026479388558, 11.648888742121812], [7.891725562284932, 11.654954475069019], [7.881761570440176, 11.653616027557689], [7.870905277556574, 11.659267248584683], [7.86599764027892, 11.652723731015442], [7.86599764027892, 11.648857106670164], [7.857818242417977, 11.649749404111787], [7.853802902581947, 11.648262241109592], [7.844855957636412, 11.641844807591838], [7.841162015714474, 11.632944461018099], [7.839674852712335, 11.63220087906734], [7.832387753192279, 11.631903447186403], [7.828212504003886, 11.635885470737946], [7.820166792163775, 11.634908947290114], [7.814393078977446, 11.638149531975387], [7.797885568664128, 11.630564999675016], [7.796547122052061, 11.625359928717785], [7.793275363267469, 11.625508645107914], [7.786823964154678, 11.629824338722301], [7.766854120621247, 11.628626162967123], [7.758155043220711, 11.623737293641227], [7.739544721012123, 11.616753045316841], [7.736461718233784, 11.608553466669207], [7.721983133315007, 11.603416163225404], [7.721491625937858, 11.599717758867541], [7.710589092612565, 11.597401261758876], [7.704876688908143, 11.592487098101174], [7.706823684265657, 11.582183834316538], [7.713192940202077, 11.57323646579033], [7.716868408250491, 11.571671166091505], [7.718539932272108, 11.569013019235513], [7.71120349774327, 11.549004336680866], [7.700275286974943, 11.539562743026238], [7.697987018686035, 11.5353797947418], [7.67960486886966, 11.523740264301807], [7.682296549646082, 11.516548971357963], [7.682642169000928, 11.510675202298785], [7.680050860658753, 11.506551758556839], [7.679354413975091, 11.492178888045316], [7.675170903614344, 11.48325213108103], [7.687400395611803, 11.469605723025722], [7.692107179202992, 11.460534659047312], [7.69396738728517, 11.453977135436503], [7.69306175289762, 11.433996750050028], [7.695207600050765, 11.43149014705267], [7.6944776050575, 11.420322715720829], [7.70569209431477, 11.42602839789231], [7.722348714921281, 11.415519916910682], [7.719514904389371, 11.408776096040071], [7.739993186836159, 11.391367401184652], [7.748175921181883, 11.38759728758481], [7.750362575072813, 11.381725607650708], [7.74934139938614, 11.373361212050327], [7.750667224912547, 11.371434143870715]]]}}, {"type": "Feature", "properties": {"shapeName": "Kebbi", "shapeISO": "NG-KE", "shapeID": "27671186B53868438251790", "shapeGroup": "NGA", "shapeType": "ADM1", "stateId": "kb", "stateName": "Kebbi", "stateCode": "KB"}, "geometry": {"type": "Polygon", "coordinates": [[[4.126404704113838, 13.249674072800246], [4.133400743449613, 13.224177537363516], [4.137179852068584, 13.21695846705967], [4.143107584047812, 13.182220645766222], [4.142128342848764, 13.161862063083788], [4.140003457993259, 13.152309431035462], [4.132620485347161, 13.140247908114532], [4.10499954259484, 12.996386526916751], [4.052517251969675, 12.910418827966566], [4.051598786055195, 12.903784414119457], [4.043212334581597, 12.895533844811155], [4.037691776054658, 12.88689192831987], [3.952777384668593, 12.748888015069895], [3.903878931967199, 12.711584337147485], [3.887561237960824, 12.705328065737717], [3.795227501747831, 12.64251998241133], [3.714110045342352, 12.582725256565368], [3.698280575288379, 12.568806604840972], [3.672685005608571, 12.551909381412884], [3.657777309175515, 12.52888870025339], [3.654093436962569, 12.511781304363751], [3.652404143236652, 12.48649110128332], [3.657918312979803, 12.43710447409228], [3.661872621224518, 12.415437462369027], [3.664077782263917, 12.382899576154557], [3.666075013750913, 12.207109767601764], [3.654536987991662, 12.17726633297491], [3.6399909880937, 12.16434836678377], [3.629592408762676, 12.148788321024256], [3.628404008638142, 12.125261162372794], [3.635237301260474, 12.101441429078761], [3.660592203367514, 12.039548607382358], [3.670833110859405, 12.009995457724244], [3.671666144776793, 11.975554464866718], [3.643926877323565, 11.942372432042134], [3.618736929765532, 11.908223657695714], [3.631666659089092, 11.82527732558816], [3.660395338174339, 11.81010919628244], [3.6632593794169, 11.798278771248363], [3.662464781624408, 11.786655725381479], [3.664936108714471, 11.759182257954876], [3.663854664960866, 11.75543589994686], [3.637395006874101, 11.71760378039022], [3.628877572741828, 11.709609941445706], [3.613887471429734, 11.699619676806662], [3.593088086945727, 11.694417729194868], [3.570508511558614, 11.686737000012613], [3.526300082682724, 11.678590540720904], [3.510850900848425, 11.669978309051771], [3.513465379323861, 11.623421080318678], [3.510622727556893, 11.567470416626463], [3.510660586317044, 11.524691871132973], [3.486939797333832, 11.479306684755727], [3.477135507098012, 11.455430829269403], [3.474999904122342, 11.429721829898597], [3.485620672655955, 11.31342697977135], [3.488282685697413, 11.305782467187157], [3.492085561599424, 11.300375250217655], [3.497219444921484, 11.29645961372023], [3.503684332965634, 11.294967929826157], [3.508628070828877, 11.291052221382984], [3.53049460614119, 11.264386688694799], [3.543614526789042, 11.25823275293925], [3.564863003924529, 11.252533515309551], [3.60058747683064, 11.203933358737572], [3.63151364304025, 11.176609944093684], [3.638739106624541, 11.172086373087723], [3.644966316442378, 11.165277565407393], [3.657753486134538, 11.15646318592735], [3.663109865328067, 11.14783311980267], [3.668190268666024, 11.146171599839533], [3.670269967085346, 11.14340237861694], [3.681173524738426, 11.144072825000933], [3.682213373048796, 11.142702781608136], [3.68548146979407, 11.14348982869268], [3.691429405043039, 11.140880908027555], [3.699700658758445, 11.14193030893665], [3.708684953447914, 11.138012525757517], [3.710966678269642, 11.132765413293214], [3.713391012185525, 11.13472434535231], [3.722477218049221, 11.132389131553225], [3.723159647899479, 11.13031672573635], [3.719737060217199, 11.1262588587594], [3.721448354058339, 11.123110475268277], [3.72180487409571, 11.11527434863234], [3.719237933783688, 11.106528423747818], [3.720450099392622, 11.09659273626579], [3.731003079728396, 11.087006575692953], [3.731430903413525, 11.082528261270284], [3.728578745812513, 11.078329779895455], [3.728293531221539, 11.063214745664027], [3.720503576678766, 11.050303372402766], [3.722033187681518, 11.04855522614281], [3.722785303299133, 11.031967542168388], [3.725582460162457, 11.028173688265156], [3.717231055269053, 11.01983769235568], [3.74231023422999, 10.962334505632953], [3.770033367845713, 10.919743774555627], [3.773171265241729, 10.920054040661512], [3.802273546986669, 10.946065857953045], [3.932783798133812, 10.943011363683524], [3.953140716171163, 10.965695467272042], [3.99297318606375, 11.016467241070359], [3.995854860313614, 11.016314394094081], [3.997976509408431, 11.017904808260369], [4.068354607279332, 11.021996496940858], [4.100380421319414, 11.026324271148269], [4.183958129664006, 11.024628479820535], [4.214904029697266, 11.022248879082554], [4.225431161718802, 11.019259859055296], [4.243922643914914, 11.024019091108244], [4.267120184848693, 11.025278875819538], [4.265551500101708, 11.0190265614267], [4.266026858352859, 11.011980883111335], [4.258893195764415, 10.99804527556904], [4.256551806320829, 10.990335822040606], [4.263686228836434, 10.98290210694671], [4.263324772420333, 10.976727206195676], [4.275096058936015, 10.960943079059916], [4.277214161104723, 10.954357939067677], [4.301588759014066, 10.948678420872454], [4.329844857853971, 10.951355314995851], [4.338548177356529, 10.903487060879229], [4.362232059961627, 10.889074348602378], [4.381127597660566, 10.87997159970962], [4.407153527113621, 10.877170698968655], [4.450292398575357, 10.88592342902308], [4.523984431636279, 10.916194915762787], [4.539826393273472, 10.919966696705728], [4.568492412994487, 10.908651352078266], [4.593472741174139, 10.892877527575877], [4.598036191716915, 10.892947546991763], [4.599747484658735, 10.889166487743239], [4.602243123121696, 10.88818620602865], [4.605594408055538, 10.889516588419895], [4.608018741072101, 10.887766084137525], [4.609230906681034, 10.888886407381847], [4.614792611889584, 10.888466287289361], [4.616432602982286, 10.890706925684128], [4.6252742885776, 10.892667470227593], [4.626566948006314, 10.894130966670843], [4.6279125334367, 10.891197063393804], [4.629837740019752, 10.890566885953092], [4.630265562805505, 10.891547161372443], [4.635328139781848, 10.891197063393804], [4.643047978681295, 10.89449356612522], [4.645729956672199, 10.893728959823704], [4.657507780359822, 10.90050142859809], [4.673830030331658, 10.917447543669255], [4.676111755153443, 10.916257314323673], [4.677751744447505, 10.917237504307423], [4.690301235014033, 10.91681742198648], [4.694990337933802, 10.919294419302048], [4.706018677420047, 10.89997021435397], [4.715620937656183, 10.890260959975365], [4.718187878867582, 10.885406215424553], [4.722656257580297, 10.866920114771517], [4.720440346944486, 10.859364791551911], [4.709597587958342, 10.85167404392206], [4.709709873711745, 10.832678272284511], [4.707382429155814, 10.824348145350655], [4.702077419237582, 10.814094810127415], [4.699700098280971, 10.801810337177358], [4.698091581661231, 10.801210713303817], [4.699345557651441, 10.798477664612562], [4.69643014803296, 10.79030908379724], [4.694462159800878, 10.775767766669162], [4.694771202828804, 10.750710897190174], [4.692494170669477, 10.744665481726656], [4.69587120139488, 10.743200533777667], [4.694975547683441, 10.730458239356324], [4.697456924697349, 10.718940632704061], [4.693093125447433, 10.701873592991944], [4.689499407571645, 10.694558852808882], [4.687788112831186, 10.69371806763479], [4.689242713180704, 10.691952409775922], [4.688044807222127, 10.683460291559243], [4.690931879202935, 10.669386890792453], [4.690782877727656, 10.662859613180672], [4.671494165423439, 10.641120518097466], [4.658830587761486, 10.629515428993898], [4.651300894320855, 10.618498595433891], [4.646081447700681, 10.616564300302286], [4.643810269228595, 10.619038594255755], [4.636840458620327, 10.614545893378306], [4.629738589764145, 10.608827001065322], [4.625802614199358, 10.603612623923482], [4.625460354711663, 10.601089505776145], [4.624091320358218, 10.600500775390515], [4.624431248803148, 10.597461747661555], [4.620778815989638, 10.600389826029698], [4.619495344934251, 10.599716990147044], [4.621035510380523, 10.595511728783322], [4.619238651442686, 10.595511728783322], [4.617195130051243, 10.593221141142806], [4.617298410893, 10.588003189195888], [4.615637677836617, 10.590595524563867], [4.610511051144158, 10.586007625951254], [4.607088461663238, 10.586512276020756], [4.602895791707454, 10.584998323114178], [4.606746203974183, 10.583989015780503], [4.607174026759992, 10.58272737936511], [4.603142878640995, 10.576972331607863], [4.602040146135892, 10.577260226178566], [4.600756675080561, 10.570699512672434], [4.599217721920354, 10.570191588171326], [4.598078910413449, 10.576421550813961], [4.596909459903713, 10.575990458093202], [4.593547294072437, 10.571679491315535], [4.59369347617303, 10.569955088056929], [4.585088728661958, 10.56390476229501], [4.510058401873778, 10.535167694333666], [4.498541353700546, 10.517370224356398], [4.485558032876952, 10.469764708974196], [4.479498863182016, 10.42129230469618], [4.486423490951381, 10.368493080391374], [4.482961178415678, 10.328677176010899], [4.490751266058112, 10.31396198215981], [4.518449305890783, 10.298381805076303], [4.541819572415363, 10.287129401300888], [4.559996603960144, 10.268087387423066], [4.56605577365508, 10.25683498364765], [4.56605577365508, 10.246029854094559], [4.568690777357517, 10.246047973635143], [4.567442415834876, 10.222948073894543], [4.551834106159106, 10.194852828695161], [4.527485370953173, 10.14303398143312], [4.526861191091143, 10.111193657061676], [4.529982567041884, 10.100580215304717], [4.624814229593085, 10.102672476353746], [4.639237522393785, 10.13780516297794], [4.649516793165503, 10.181492066905435], [4.650373399213038, 10.198624185158053], [4.646518671999161, 10.205048731413854], [4.671055793590028, 10.211849212271375], [4.669383049188411, 10.226069449845284], [4.696988582057486, 10.24029064159987], [4.728655935323218, 10.248245831280144], [4.777713031131555, 10.25657212800138], [4.793936082284404, 10.260665922894077], [4.871501790375362, 10.218330145120149], [4.946502400865143, 10.285335767331844], [4.950309537755004, 10.389651336639929], [4.93203527780588, 10.43952483969963], [4.906199181746899, 10.454151255176328], [4.875861348422518, 10.459311658606225], [4.853419303657972, 10.46029758536531], [4.845054149929126, 10.478701591405354], [4.832924365766928, 10.487903594875036], [4.818703174911661, 10.507143974015264], [4.81954002375312, 10.538095474126862], [4.822049616996253, 10.559008596769388], [4.823722363196566, 10.594979286065268], [4.814520836367535, 10.60418129043427], [4.801972865655273, 10.613383293004631], [4.796117306068879, 10.629277229160834], [4.802809237856081, 10.652699471103745], [4.812011242225083, 10.661901473674106], [4.814520836367535, 10.674449921027076], [4.806992053940178, 10.692852973785762], [4.80950164808263, 10.697872162070666], [4.825735699742779, 10.708431401687903], [4.836431288273388, 10.705769026219627], [4.840566915131092, 10.703737197813496], [4.843799113638227, 10.699544907371603], [4.846199924886662, 10.699183050757256], [4.862528522273522, 10.708221214837238], [4.866166202608213, 10.707962555427628], [4.870222871688213, 10.70352876464085], [4.873550386641057, 10.702407749817837], [4.893705629011606, 10.706611536293394], [4.896557784813979, 10.704836610920893], [4.900645877105603, 10.695214469372331], [4.908251628010248, 10.690169730448758], [4.920515902187162, 10.689142086837876], [4.927456150281159, 10.694653947121992], [4.930213235152735, 10.693719740373751], [4.932685103634697, 10.688861820316788], [4.941673278898747, 10.688670157701665], [4.946934004400816, 10.690052951682446], [4.951033979434669, 10.693789805655058], [4.950677459397298, 10.698635969774216], [4.955015113556669, 10.706167803601318], [4.965235342936751, 10.707510671280488], [4.973461151211211, 10.710420609423636], [4.979317188337632, 10.717112541210838], [4.98684596896635, 10.717112541210838], [5.003085838340837, 10.722106653699143], [5.008493052612323, 10.721697975681082], [5.011998827583852, 10.723858124752724], [5.013840846877656, 10.738394939874638], [5.026853812053844, 10.75042085323986], [5.029943648780431, 10.749778704024038], [5.039292484560576, 10.741448160704124], [5.04790708324532, 10.737180133856157], [5.055343616814525, 10.738048212554986], [5.06130756988847, 10.739856700626262], [5.063369182042152, 10.744631058376683], [5.066093457846875, 10.747090545892036], [5.0783895077696, 10.748247944587035], [5.084795234812304, 10.758881342300128], [5.088034912980902, 10.756783625963635], [5.094735157201796, 10.761413047174415], [5.101048355697117, 10.761334760290993], [5.102286815684067, 10.77232360784825], [5.107306003968972, 10.78570747412067], [5.108979224111977, 10.79574584979116], [5.099777222440935, 10.80829429624481], [5.083883286284674, 10.817496299714492], [5.05878734575947, 10.820841789417102], [5.047075748147336, 10.825024604601879], [5.03445188904351, 10.845836690211115], [5.028672217848623, 10.859322547697445], [5.026162623706171, 10.871870040869737], [5.025326252404682, 10.8902740478091], [5.034527779233656, 10.899476051278782], [5.054604528776053, 10.904495238664367], [5.075517654116481, 10.915369987435042], [5.08221006434303, 10.927081108406469], [5.081373692142222, 10.950504302731417], [5.067988872588444, 10.989821434111946], [5.062970160944246, 11.012407302954728], [5.04063987672896, 11.051897049309446], [5.027373791067646, 11.05050086981936], [5.02109003098019, 11.053992270926585], [5.009220599650973, 11.051897049309446], [4.995954513989659, 11.053992270926585], [4.991067410032997, 11.060974120759113], [4.991765498878692, 11.070050239826742], [4.979896069348172, 11.080523490766552], [4.934512615065159, 11.084014892773155], [4.908679008329614, 11.081920624437316], [4.89820575738986, 11.08750629388038], [4.876561640607292, 11.091694832350697], [4.863295554046658, 11.10007381405535], [4.860673904377222, 11.103350638721054], [4.839656351559427, 11.113859176359938], [4.81780052087737, 11.119511604277193], [4.81442117709571, 11.116132736236864], [4.802551745766493, 11.114037513720348], [4.788587570360107, 11.118925095217037], [4.785794734739284, 11.123812674915087], [4.780209064396843, 11.128700254613136], [4.779431819023273, 11.131420135430972], [4.765289307155854, 11.136859894368683], [4.757622242272703, 11.142992973047342], [4.746122360358697, 11.147592544860117], [4.741311523408115, 11.153228379386235], [4.740542012204173, 11.169346756647542], [4.732711130414373, 11.189586632417218], [4.72230581965789, 11.205901481867954], [4.705303044599873, 11.221051656209], [4.70340633393522, 11.228543282246733], [4.738990615124862, 11.25110476237495], [4.708120713200401, 11.26406949421181], [4.703856605597935, 11.267968897946332], [4.704469498968251, 11.272185987193609], [4.708177303939465, 11.275076347995139], [4.713311184563565, 11.283747256830509], [4.710459028761193, 11.291019430302526], [4.711885107112039, 11.297079433668955], [4.726811395229731, 11.302020573390791], [4.727857183562207, 11.306215811810318], [4.732895995953527, 11.306775172136554], [4.737839733816713, 11.304164814354749], [4.743829262710335, 11.306775172136554], [4.747727211341783, 11.311436469817295], [4.756751862208716, 11.313189683756946], [4.788676051958305, 11.325151081557237], [4.811516123170577, 11.340250572805758], [4.815582348446696, 11.336094050200302], [4.819389026682302, 11.33974161408429], [4.823195704917907, 11.336178877853001], [4.830010182823742, 11.336072074366768], [4.840412274007292, 11.350853669661149], [4.847593053876381, 11.34873308266566], [4.852091855754566, 11.350090261256582], [4.854254740563874, 11.351447432652947], [4.854341257143346, 11.354925155971216], [4.863165830438788, 11.357809090217415], [4.867405085276516, 11.358148372949074], [4.871471309653259, 11.352889420910117], [4.878998152242957, 11.35475551235703], [4.880994713735106, 11.358219178372451], [4.883237407080742, 11.359251045199642], [4.883150892299909, 11.360777814344715], [4.877345881807059, 11.370906906428615], [4.888088952743033, 11.378178628440992], [4.897771998179223, 11.387494942937337], [4.898118060000513, 11.39063297972831], [4.91325260232577, 11.385451639181838], [4.928477067862445, 11.376219872649074], [4.938510757165773, 11.364100323671039], [4.944325894024814, 11.367432469233108], [4.958856105424957, 11.369279861076791], [4.966084956755424, 11.362051009746324], [4.970903873215207, 11.353216170689791], [4.972510337582037, 11.347594261266181], [4.972510337582037, 11.339562416072681], [4.981345654178654, 11.319481849807573], [4.988264324838781, 11.313025263405223], [4.99603645212062, 11.310368347721123], [4.999744255293194, 11.29449626419131], [5.001837675568311, 11.290951356120217], [4.996384488853153, 11.284217007808707], [4.998888607922993, 11.275406648298201], [5.003238146623232, 11.267015205587313], [5.005441188859834, 11.257637024029464], [5.011866568787184, 11.252014160425233], [5.016685486146343, 11.251211165662824], [5.025520801843584, 11.256030083021983], [5.032749653173994, 11.26084995276318], [5.034355640000854, 11.26486587535993], [5.040781498367494, 11.270487784783484], [5.045600413928014, 11.272897719654111], [5.052025794754684, 11.272897719654111], [5.058451653121324, 11.270487784783484], [5.064877032149354, 11.254424095295803], [5.062467574818754, 11.24478626237618], [5.052829266157744, 11.231131553578393], [5.048813341762354, 11.227918624844733], [5.048813341762354, 11.211051940594643], [5.052829266157744, 11.205430031171034], [5.057648181718264, 11.204626083127266], [5.062467574818754, 11.208642005724016], [5.071302413875344, 11.227115630981643], [5.071302413875344, 11.237557411045714], [5.185467834872725, 11.228039051261248], [5.233390218284001, 11.218191828290287], [5.244365701016363, 11.244866839832866], [5.243054282629089, 11.290573843208335], [5.249651102116729, 11.309372012208655], [5.26865744528493, 11.318943628945362], [5.333141327110582, 11.35642910032277], [5.336354255844299, 11.347594261266181], [5.336354255844299, 11.340365409935771], [5.342396509291518, 11.338650275090174], [5.348453946892164, 11.33892658189626], [5.357380205632012, 11.30643331644444], [5.368589182045184, 11.282603555709557], [5.372354029215103, 11.27010053221386], [5.37295579707245, 11.262782812576802], [5.3794919887643, 11.243026704618785], [5.379603885111237, 11.235026113564345], [5.389159190844055, 11.231079426174631], [5.389806823226365, 11.220586026823753], [5.384595695335122, 11.20236000201254], [5.389705808676183, 11.173447802773921], [5.39388267304696, 11.161934656759058], [5.404030845147417, 11.1469993628304], [5.402762001565179, 11.144009413803474], [5.405150453430736, 11.126554452426092], [5.41340085636449, 11.12089657461729], [5.408440856060679, 11.116785600874834], [5.393826354802457, 11.117807543683227], [5.387077541795179, 11.092206728257963], [5.391127226740196, 11.064047115881749], [5.388993313590618, 11.037473873420595], [5.411218375327792, 11.004406283823016], [5.430632433340179, 10.990583168878175], [5.447270014399692, 10.983490145753649], [5.500747952556026, 10.97530029237464], [5.501637438716898, 10.984665661291274], [5.505111581834058, 10.984963761368533], [5.508648991357916, 10.980990768808965], [5.510167851864935, 10.981048272359942], [5.510312748834338, 10.986532254559961], [5.513818524705187, 10.993065242866692], [5.518869218939358, 10.992015306860992], [5.5197010981272, 10.98985709672769], [5.522374994810207, 10.990498728833302], [5.524514113235796, 10.983090712766227], [5.531027806588042, 10.97759332886909], [5.534236483327106, 10.971643338669196], [5.537042625316928, 10.96078705927539], [5.538513387382977, 10.959003372707514], [5.542147034258278, 10.959682874365228], [5.546040228174036, 10.95348237261345], [5.550885091873567, 10.952632979128737], [5.556249047855317, 10.9473666841252], [5.55947529285055, 10.949290299807558], [5.560228756551908, 10.95212334141911], [5.564208467047138, 10.954246825130951], [5.567755599141663, 10.952038402250537], [5.57164879305742, 10.953652250950654], [5.571043185094936, 10.95721967714644], [5.572860008982275, 10.960617186334105], [5.57483275013135, 10.960717883423627], [5.575282440832041, 10.96511882377473], [5.578291906945992, 10.968852775635128], [5.584952100758869, 10.96677173722594], [5.636488925123842, 10.964990980649304], [5.665107823966935, 10.973489148605381], [5.679967797875634, 10.975718497810476], [5.703366239260561, 10.989739573322709], [5.729028951424993, 10.998357718034299], [5.734800204066232, 11.006176983281193], [5.740147997432189, 11.023441267700377], [5.756922354583025, 11.02894422469626], [5.765603495904656, 11.03942149380697], [5.769069378748895, 11.049423991923732], [5.775185489019179, 11.059972999054708], [5.800322574427298, 11.0825317362507], [5.808954278217414, 11.087495415680962], [5.826077017440468, 11.093077817887036], [5.835829506726384, 11.093283984768107], [5.855200403575793, 11.098648427283138], [5.867935853257052, 11.106908681390564], [5.892312197649858, 11.110845783805928], [5.897509750274821, 11.113565839991566], [5.90681675319064, 11.137104841815074], [5.914968404268507, 11.145087557944464], [5.977745701103288, 11.16697766538698], [6.000590323784479, 11.143584251212246], [6.015900000984288, 11.138], [6.025346173986804, 11.171727790904868], [6.032374890189089, 11.18133425457222], [6.048461053734684, 11.209704767860785], [6.05522066490181, 11.217762159196354], [6.059071077168539, 11.229763896086979], [6.06993779409396, 11.227078237170986], [6.065878854225787, 11.210197217727455], [6.054707277019247, 11.201647152594091], [6.046835324090978, 11.162614907551983], [6.069278546068119, 11.164187539423438], [6.076253513388963, 11.168688612989172], [6.09569999915567, 11.17689999973527], [6.105919500984214, 11.183345423752371], [6.117237311552742, 11.207402428779119], [6.116518844968766, 11.223883849759886], [6.109083029957901, 11.235424235340247], [6.108666624065506, 11.238398562243901], [6.135723549802037, 11.29537450702793], [6.147758731580268, 11.305567019302543], [6.17308068432618, 11.317856056311996], [6.190564498652748, 11.334081656143553], [6.174735030397358, 11.35938916577743], [6.204431513103884, 11.383673602155056], [6.200881533755819, 11.390011927708372], [6.17758892099198, 11.383953894756473], [6.154296308228083, 11.383021879656098], [6.092288125096957, 11.386291684213916], [6.079570357885757, 11.388411993318869], [6.052944469111992, 11.40154307994925], [6.038846728194017, 11.420729281231388], [6.030053175213936, 11.443553650280762], [6.025650856202105, 11.44492666683226], [6.009543367032791, 11.462646689892892], [5.967953207274718, 11.46691018865431], [5.961160573901395, 11.454054888122641], [5.946273084335417, 11.449542172833048], [5.936603889358082, 11.443825964097016], [5.933799054982444, 11.436640112051577], [5.890599024225651, 11.440456976908024], [5.876053025227009, 11.439618329422387], [5.844152127019072, 11.432765647416716], [5.835453048719273, 11.435351531947674], [5.826753971318794, 11.444297114420351], [5.82371594903185, 11.456670345060445], [5.824571741192926, 11.498486769748695], [5.816443093873715, 11.515465361137558], [5.817156133948458, 11.536774484954549], [5.815895529055467, 11.542371912134115], [5.817341900608255, 11.547738147897235], [5.815951750173156, 11.55319209723757], [5.817856418938618, 11.557087797563838], [5.817199569404636, 11.56011971974931], [5.821365963868175, 11.566340333939308], [5.820022866861848, 11.574670924923282], [5.826119352126454, 11.57924631666424], [5.826582826736114, 11.586091803194222], [5.829755850751951, 11.591749678305064], [5.828838815658855, 11.624814756096157], [5.822276622767959, 11.634334556594581], [5.819493435973357, 11.648439852717104], [5.787831458854782, 11.67887171285929], [5.780325804292488, 11.683898112807697], [5.760735970188932, 11.686552657878906], [5.705030877173272, 11.68797303542732], [5.696197120001159, 11.670603353162278], [5.691022753697155, 11.667316959709979], [5.669687793257083, 11.66144479683993], [5.639368533630943, 11.662856102027547], [5.604899999035752, 11.668600000889398], [5.580244767681904, 11.675421763303802], [5.564082545772919, 11.68435968175396], [5.553734519132774, 11.676689928797202], [5.551475611010687, 11.672560530644034], [5.541600000040035, 11.665700001154164], [5.527508849353978, 11.661290384143967], [5.520473529429864, 11.66948390495827], [5.515529790667358, 11.67050807808539], [5.514074767636487, 11.664809060789594], [5.505794992844699, 11.66308132014683], [5.502474250686191, 11.65816518967182], [5.49722284395915, 11.655896177666534], [5.481314170612507, 11.664820851800926], [5.471197490971463, 11.66383763919572], [5.465911222025341, 11.669307516428773], [5.461490378778024, 11.67135585908568], [5.459999638272734, 11.673064576369143], [5.459459053092871, 11.67813169761979], [5.460231318020931, 11.684408749664101], [5.456369988883921, 11.695071850185798], [5.454130418883778, 11.698928614364092], [5.440152410105668, 11.708834958766374], [5.428452297735419, 11.706719595033348], [5.422232803201382, 11.70873024620397], [5.412763058968039, 11.704334042582047], [5.405169191704886, 11.702879427843357], [5.401307447081081, 11.705280814657897], [5.397009205710333, 11.712030103406619], [5.394025374771275, 11.710734290055484], [5.385377085684013, 11.712111451582246], [5.375879404011357, 11.709597943590268], [5.368933368780006, 11.71436913662643], [5.36587205405209, 11.713885060347309], [5.362278337075622, 11.71012412163094], [5.349867734208601, 11.709346592071597], [5.349044329332401, 11.710068265637972], [5.350755623173541, 11.715486235801166], [5.355875245046548, 11.722216657672675], [5.352709350855889, 11.729631103892359], [5.340795022672182, 11.734461742115741], [5.336522459643845, 11.739583118566145], [5.336642282615287, 11.749454527004843], [5.327990740680207, 11.772153914571561], [5.319252683064917, 11.773085567245175], [5.307054009035312, 11.758263467385177], [5.296153065711451, 11.755298951185694], [5.297104734595848, 11.760719756011952], [5.313175199575824, 11.7722879045632], [5.317510023568786, 11.777855753939946], [5.317694485312302, 11.787576648243771], [5.315757647797284, 11.79082689974166], [5.309547473836915, 11.793685887693584], [5.301528185877146, 11.79081645861271], [5.300005213669749, 11.780929536868655], [5.295807003890161, 11.77452538363957], [5.292810509597416, 11.774221912811072], [5.288020616058645, 11.769443637613847], [5.286549853992597, 11.769274244910548], [5.283694844641388, 11.7724926972802], [5.274264664282896, 11.775880500984385], [5.270796733682346, 11.780028915302239], [5.263796297561157, 11.775118249107948], [5.257913250196395, 11.773509042708213], [5.25165152259973, 11.77432532585317], [5.254775863615237, 11.767302212427182], [5.25380455263803, 11.764812722629074], [5.237968523828386, 11.755887054743823], [5.219327371960674, 11.757755266792174], [5.22071161924589, 11.765547570364106], [5.215251570703458, 11.768421089561684], [5.213876901198091, 11.770459994733017], [5.214915085762641, 11.771984522767582], [5.214136447339229, 11.775118249107948], [5.195189570042658, 11.783587598289103], [5.190643946760758, 11.784146345277634], [5.189825614060908, 11.786551808719025], [5.182471802831458, 11.791971996610414], [5.17788648617244, 11.792395444194426], [5.177280878210013, 11.787822174853545], [5.174166321818348, 11.783418212780362], [5.170359643582742, 11.783333520925282], [5.166206904425167, 11.779861116197594], [5.172955106792813, 11.769020154956252], [5.182904380332957, 11.767326217131256], [5.183596503076217, 11.766140452919615], [5.18402907877902, 11.759703362919936], [5.181866194869031, 11.751826193024442], [5.177447729429218, 11.74413263321452], [5.170247221132399, 11.742179073705358], [5.168165146704212, 11.743623009894065], [5.163827491645463, 11.743283261313536], [5.162873208431847, 11.741754385956199], [5.158882564878525, 11.740735131221356], [5.156540232046098, 11.736743011880549], [5.151161538873964, 11.738526731723312], [5.147864921029338, 11.737847221072457], [5.145869598803017, 11.736912890217752], [5.145002068690587, 11.732496012980675], [5.140404155227657, 11.730457430665922], [5.134851955853151, 11.73028754783212], [5.134157931943037, 11.728418833062733], [5.129560016681467, 11.728928484262212], [5.127304436950226, 11.730967078268122], [5.12487535011735, 11.729777900229976], [5.10301356772203, 11.737847220173137], [5.081412046428852, 11.732326131945456], [5.073170501817231, 11.72688987496781], [5.071175181389549, 11.71992451510431], [5.065102464307358, 11.71142993544322], [5.065536228913857, 11.70888151037343], [5.062846882777478, 11.708116977816303], [5.056600660392235, 11.71278908534805], [5.051568978725413, 11.720094404233407], [5.04407351168328, 11.723831933596898], [5.038087547702219, 11.72340721706945], [5.034183658149345, 11.719499792281624], [5.030279768596472, 11.719839569640499], [5.027156656954219, 11.723067443307912], [5.028457954371163, 11.730967078268122], [5.027330164055854, 11.733600239259658], [5.014548697864143, 11.744241265921744], [5.010005624160272, 11.745441324857325], [5.00876500040448, 11.749313744433834], [5.007116690582848, 11.7497384213911], [5.005700477794846, 11.74657853107442], [5.000487095303242, 11.747955641339843], [4.995299481985569, 11.744651246158128], [4.989861863434271, 11.746425833385558], [4.987986823732967, 11.745018403376662], [4.98707339761927, 11.740674008798521], [4.977304761005939, 11.736973939795519], [4.973739565128881, 11.738160759811251], [4.96611004604182, 11.735996554797225], [4.963922884933254, 11.73851234257063], [4.960290826260689, 11.739732371851517], [4.95270490990373, 11.739277761859285], [4.945004086269591, 11.735019167100916], [4.944115656812187, 11.732272704122067], [4.941011066707404, 11.730830321062513], [4.943073067368232, 11.72684202384039], [4.938794832315693, 11.722373787220533], [4.934373989068376, 11.72209451984628], [4.931780535843075, 11.723933166682343], [4.915121931332123, 11.72181525157265], [4.913981067572252, 11.716648753437255], [4.899149853083316, 11.708689361225083], [4.89387336336506, 11.709247922054033], [4.893739895879548, 11.711272840968888], [4.889737734708717, 11.713856010446591], [4.889452520117743, 11.719301831714233], [4.892447285014214, 11.731868705276554], [4.891195976413258, 11.737512576144525], [4.892700000804439, 11.746800000819405], [4.889452520117743, 11.75015946328864], [4.883890814009931, 11.751136797025595], [4.878614325190995, 11.75015946328864], [4.874804003801785, 11.740056810373574], [4.872624796297373, 11.738151926670128], [4.873052619083126, 11.734521637863338], [4.869772638696361, 11.733823499554887], [4.861501384980954, 11.735778282142064], [4.849829730757506, 11.735107461640098], [4.848532713214183, 11.744409002073837], [4.843969263570727, 11.752088126865601], [4.836838870917234, 11.753344690205324], [4.832668400726163, 11.75203775134122], [4.831562382098298, 11.756695499397836], [4.828282401711533, 11.759208578413222], [4.823576342074603, 11.760046265422886], [4.820778469350955, 11.762890749108806], [4.819800000669545, 11.766899998735994], [4.815210015629759, 11.766086852426326], [4.809315558566198, 11.759627422367714], [4.802612991396472, 11.757672809752421], [4.799428082839825, 11.74942605356955], [4.794769559567555, 11.747341057244057], [4.79372376943644, 11.7430034669365], [4.791204362791177, 11.740918419349612], [4.784929619306524, 11.738405173959677], [4.780458322293782, 11.739630806916239], [4.777228795672443, 11.737288168314365], [4.76833957371241, 11.739000909164702], [4.761541933813248, 11.734356007024132], [4.767298284688138, 11.720412989068222], [4.764821913300693, 11.718056344424781], [4.757076518366659, 11.723017771053321], [4.750389140746279, 11.719524582093811], [4.745074151950575, 11.721406943175964], [4.742560891272149, 11.715220578766719], [4.738487000174985, 11.710143538893249], [4.738207725606117, 11.707377495874766], [4.733448189582305, 11.704278608371112], [4.731166464760577, 11.699810005727215], [4.721083571749489, 11.694750074556339], [4.71253237436963, 11.691151885251372], [4.708027190902214, 11.692098038593656], [4.701046300646283, 11.690600941680145], [4.698879891393915, 11.692682421656457], [4.691892106935256, 11.685909385409843], [4.686045185337093, 11.686188688757056], [4.676514174789361, 11.681882357984477], [4.672735121029064, 11.683477102386405], [4.671034528220957, 11.690729400841235], [4.664353399090146, 11.694396528576988], [4.661502217253599, 11.693896467747834], [4.659198837656277, 11.678556244175354], [4.669310157337918, 11.674819254405122], [4.666810559160012, 11.667562122993616], [4.634991580197322, 11.672292985033266], [4.628859443108865, 11.668103189310784], [4.623140631734827, 11.656687954285701], [4.619269426243079, 11.655625315356076], [4.61529720080523, 11.65773545222936], [4.585991290066033, 11.654872282429949], [4.569878856424111, 11.632857723205404], [4.546163707988796, 11.634397927322539], [4.551020290753854, 11.61667991874333], [4.548738565932126, 11.61081301420927], [4.547455094876796, 11.597402481239556], [4.556154216344055, 11.5866276651347], [4.569935376116746, 11.573654653239714], [4.554129673345813, 11.564573467391654], [4.541985838175947, 11.560279274768789], [4.522761340163754, 11.53031450630948], [4.494707757856816, 11.532587415976536], [4.482785916736702, 11.531998347445835], [4.496795957567429, 11.552430962319079], [4.469356928779291, 11.576515768987576], [4.41923090058566, 11.614177970636888], [4.427280380585159, 11.67056132334642], [4.396825140767703, 11.692247603044507], [4.375101571580331, 11.714620246227412], [4.371557828131301, 11.724660566232217], [4.368773788779379, 11.746984187370401], [4.372769994639611, 11.746651791646912], [4.376691709654722, 11.741625380906669], [4.381041249254281, 11.74029895193513], [4.38539078795452, 11.745953683915445], [4.386317738972537, 11.74951401266162], [4.384891659722371, 11.753211585146573], [4.381354985843984, 11.75354666894367], [4.380670467767914, 11.756059775838025], [4.377704224870115, 11.758070247144246], [4.377875354164303, 11.762537904600663], [4.381640202233598, 11.760304083966332], [4.389169895674172, 11.759745626559493], [4.391785226706872, 11.755847818222264], [4.393904474611873, 11.75745593734166], [4.413611535344103, 11.730236979852805], [4.417208449410452, 11.708540894846465], [4.43643449335724, 11.710825178239418], [4.449094785795751, 11.720394757112388], [4.486879067714824, 11.740520851556084], [4.49868119378209, 11.750038695129717], [4.50969999955538, 11.755800000369788], [4.535399999410515, 11.784999998850935], [4.548973482340386, 11.79550353176262], [4.544024201955381, 11.803498521839344], [4.549734907739833, 11.810922439718865], [4.55075238991094, 11.89190849078426], [4.567135050941886, 11.919602419815874], [4.582023292341091, 11.996514089653544], [4.588181817337045, 12.03882752467058], [4.574841791215761, 12.074708071320458], [4.552319659125033, 12.097726129157593], [4.55090716683236, 12.131805501922429], [4.555940631854696, 12.212892328318333], [4.562149196927919, 12.22998702937798], [4.53025048317329, 12.239621642724671], [4.524980027905997, 12.24582591263578], [4.524345933018424, 12.2495953508448], [4.521122757409387, 12.251402331652343], [4.523663283733583, 12.255804117366154], [4.549203694395032, 12.250755803637503], [4.552036524665937, 12.28415629617615], [4.557093738085598, 12.289848004681744], [4.548545784560361, 12.3014877158854], [4.559918919622476, 12.304762211307036], [4.576490153198051, 12.333016244404178], [4.592519297927311, 12.346801725419368], [4.586416948183683, 12.38068139473063], [4.585770708851157, 12.388917866266581], [4.587833946979117, 12.395935515411736], [4.597093150928231, 12.403132376957672], [4.599341234810197, 12.400652326443776], [4.629810477971205, 12.43293946278601], [4.664342282570317, 12.412276095365542], [4.672103669248997, 12.40662608482603], [4.681244368632747, 12.396558973118147], [4.691144436666491, 12.399958087595735], [4.703000001349039, 12.38390000178373], [4.703000001349039, 12.379699999655315], [4.709199998581141, 12.364899998835938], [4.72207913204636, 12.363171161020318], [4.735990635059807, 12.363827663415975], [4.739759355609806, 12.365608691587909], [4.75387713881895, 12.363726621886144], [4.750873352823021, 12.389416150035345], [4.751786055881837, 12.392712272353549], [4.749819278137238, 12.42098394205533], [4.757453541148038, 12.44959761403868], [4.769369473722293, 12.469615103654178], [4.803132702412313, 12.485234751082942], [4.811936707313237, 12.503556599557498], [4.795889500600026, 12.51239919256875], [4.794689747433949, 12.575441617636614], [4.75745667168809, 12.63697051787517], [4.731931972182792, 12.672115020691706], [4.730348161738334, 12.701841414849468], [4.743552385734063, 12.737347482000757], [4.760286003596264, 12.772462262223655], [4.770250369558937, 12.789276137383865], [4.775794972360131, 12.790338402195573], [4.806305366699348, 12.804185508354578], [4.806835267033989, 12.819476618151441], [4.759246383713673, 12.8744438623944], [4.740491124965502, 12.893281175286063], [4.711041573609805, 12.907872049555465], [4.706303428860224, 12.912427870250042], [4.698222317905675, 12.922435792178135], [4.697366671434793, 12.928748451080196], [4.694300000344811, 12.933299999995029], [4.686920646570627, 12.93875571830182], [4.657916506041943, 12.944245153091401], [4.646215274015731, 12.948615238602429], [4.649517312973671, 12.9540962611336], [4.652369469675307, 12.954327892318418], [4.660688259755432, 12.959481617382778], [4.66163897805643, 12.965851244739213], [4.659499862328857, 12.966256579977255], [4.659440442322591, 12.968920189315327], [4.663421577343968, 12.970483598639191], [4.665738954888923, 12.969615038803056], [4.666154893133864, 12.97349458190945], [4.671799788329622, 12.976621334906724], [4.673522964912934, 12.980616572197107], [4.678038879990368, 12.980906079252179], [4.678454820033949, 12.97945853768141], [4.680609782715351, 12.980288461743157], [4.678042842403329, 12.988162955256257], [4.677757625114339, 12.999094190444566], [4.68666937419232, 13.006129868298842], [4.702590614665155, 13.025757994635796], [4.724706504101903, 13.049495324849431], [4.731627658689547, 13.052771055040182], [4.726346494295342, 13.054496577055431], [4.702156003796574, 13.073203390224307], [4.682985900379038, 13.078911467290425], [4.623046776687431, 13.07011233311772], [4.512950660244826, 13.136703523448887], [4.497530336755688, 13.15996189272721], [4.493037913768774, 13.162293992174057], [4.490304597079557, 13.16657551424862], [4.470874279324562, 13.17884107985202], [4.460474422956281, 13.182774953701198], [4.455127996559838, 13.183006604671107], [4.429755687175259, 13.192668034002622], [4.391845489377886, 13.197134640151546], [4.374447310295182, 13.201090244319346], [4.300238917991692, 13.25961456895726], [4.258026999346612, 13.264426462611198], [4.213913641401462, 13.263686177575096], [4.178570395607323, 13.254068556918412], [4.126404704113838, 13.249674072800246]]]}}, {"type": "Feature", "properties": {"shapeName": "Kaduna", "shapeISO": "NG-KD", "shapeID": "27671186B54051914323789", "shapeGroup": "NGA", "shapeType": "ADM1", "stateId": "kd", "stateName": "Kaduna", "stateCode": "KD"}, "geometry": {"type": "Polygon", "coordinates": [[[7.724080473734944, 9.329254915981664], [7.731188924729167, 9.32613738463266], [7.763857841266429, 9.295858383157906], [7.792929648584447, 9.275596618788995], [7.808387301133109, 9.27284627793341], [7.82679843879697, 9.276432990989804], [7.872501407813786, 9.289969744708003], [7.897410242588649, 9.305919618695498], [7.919086634240841, 9.317365551179307], [7.940571875891408, 9.31417523589846], [7.983925663738432, 9.29785094986147], [7.996665297065874, 9.294660961034594], [8.01491910013641, 9.284903162151238], [8.060933895582878, 9.265762078057492], [8.078079180809596, 9.246327089223826], [8.087242992769973, 9.230739065555497], [8.070797604026268, 9.154648191660783], [8.0616469347583, 9.052055201786175], [8.09906714683143, 9.039674703724643], [8.137571263203256, 9.036153770680016], [8.191895424734128, 9.052430753276667], [8.232776338657175, 9.104816294836212], [8.253502011108992, 9.147244835880542], [8.258407754414407, 9.182891938312366], [8.285062878349208, 9.184910514308854], [8.300863142020432, 9.188508054303327], [8.308825975938078, 9.186372331717791], [8.318534892171613, 9.180361734406574], [8.32826385879008, 9.181125614955192], [8.33397657815658, 9.185101890040244], [8.338069452143543, 9.192402506370627], [8.343294226347496, 9.194487277865619], [8.364568352147785, 9.181391538188961], [8.387311935097784, 9.175717353872813], [8.395512581240666, 9.161951065289486], [8.418417930643045, 9.139926910298698], [8.430751800655116, 9.125831603845484], [8.446608542650154, 9.11261749270318], [8.473918915325726, 9.072973250914856], [8.47656154617846, 9.055354118297942], [8.490657805913088, 9.037734984781764], [8.498586655349925, 9.011305809215798], [8.504345893947914, 9.001431465389885], [8.514039039669967, 9.0006532667349], [8.533261299269611, 9.004377364723666], [8.547574042907797, 9.014216422749769], [8.55413150896203, 9.020359038738718], [8.557604107043971, 9.025926691163932], [8.562070748266478, 9.026682906790768], [8.562242069116223, 9.030166437031482], [8.564012388161245, 9.03267914912351], [8.5763475136269, 9.034392360319202], [8.575833551077551, 9.041987599048525], [8.569608880945168, 9.043986346792508], [8.567724347100977, 9.049468624777262], [8.564023018147793, 9.0522460936823], [8.566833496668607, 9.060831069598237], [8.570730208732186, 9.063291549965129], [8.593631555252102, 9.090566538814755], [8.62071514139069, 9.114884376912528], [8.63030719791891, 9.13696670544914], [8.64980497471987, 9.173118754726772], [8.654774666117987, 9.18727111776792], [8.657807350029202, 9.207689285931849], [8.678983688046799, 9.27532196044018], [8.684395790133635, 9.283283234034059], [8.68752860995744, 9.298867226041693], [8.692673682644397, 9.312608719416914], [8.698085784731234, 9.320570946292207], [8.694150925225074, 9.322327613628488], [8.691426277101073, 9.339580536012988], [8.68941497841854, 9.341422081363987], [8.690713881840225, 9.35499286812643], [8.695858002145144, 9.368734359703012], [8.695412636284175, 9.37836742441715], [8.687276840254015, 9.387659073207715], [8.669525145768887, 9.396523475677895], [8.66489028905562, 9.393177032693927], [8.64837455714013, 9.395584105921785], [8.638225554965459, 9.406716346782048], [8.631833075835857, 9.419945716721486], [8.627899169611055, 9.421702384957143], [8.623696327423602, 9.429237366411371], [8.61766147629612, 9.434761047384484], [8.60757064766733, 9.464001655651941], [8.602418900212115, 9.47269439822793], [8.602659774628933, 9.482549712399361], [8.588208848359727, 9.489301288124011], [8.580127737405178, 9.495583885388044], [8.577750939854013, 9.499240867871777], [8.57432835307111, 9.513680871874783], [8.568528966039025, 9.519681734024857], [8.556285858305785, 9.553657532768966], [8.553649902221252, 9.568984031787693], [8.555038451863084, 9.58062934936504], [8.565863609318171, 9.596553802216249], [8.566984177178085, 9.613977433012167], [8.565616374895853, 9.624314960067409], [8.570386047178374, 9.640006987632432], [8.57781353896371, 9.65640923679689], [8.585202860823415, 9.664376835322741], [8.580059611062268, 9.67273440237085], [8.581622627382387, 9.675818468147838], [8.599026454207547, 9.67872672815605], [8.601878610909239, 9.690675639768983], [8.601878610909239, 9.706138307836682], [8.598860068837155, 9.727923997694404], [8.610640035609208, 9.74126036717223], [8.615465163686395, 9.742396354807966], [8.616753399349932, 9.744789940003784], [8.633608854664942, 9.754630222007165], [8.64394792315818, 9.775360122171946], [8.642521843908014, 9.81084389782768], [8.64394792315818, 9.83473182671247], [8.639313168068327, 9.8558079757575], [8.63469241092605, 9.8668341083075], [8.638149414763745, 9.885661395557008], [8.6465989293971, 9.90519865439444], [8.66492354958217, 9.963902227405924], [8.679919242878782, 10.005089759784653], [8.672268339712161, 10.08173684637842], [8.671650373266175, 10.124604573142562], [8.673171523447081, 10.137613513852614], [8.672030659687266, 10.146223459445139], [8.6808723461819, 10.177011473600658], [8.686072779335348, 10.211230412153839], [8.712531286289902, 10.230251818067018], [8.728683999666885, 10.248280402118894], [8.734277066033826, 10.275103278393658], [8.738592149008525, 10.277970314378535], [8.74956178794622, 10.280948163027347], [8.757262610680982, 10.280106252801374], [8.763423268868792, 10.281369116791382], [8.769241669367602, 10.285157680882321], [8.790718408827559, 10.293492360184302], [8.799274878932579, 10.302921225734053], [8.799274878932579, 10.322872450603143], [8.801093129144647, 10.338476489398488], [8.804025219388393, 10.345443006689436], [8.805094778601187, 10.355613826417027], [8.818318428852479, 10.380446247596296], [8.813119948127166, 10.379782304210039], [8.810306941612112, 10.381231065261488], [8.808893802706905, 10.386257321318396], [8.805315667384207, 10.388069320342936], [8.807597393105254, 10.392066999292638], [8.806599138439537, 10.393224211827942], [8.803746980838525, 10.392838474615985], [8.797864408315831, 10.398905016053675], [8.795547030770877, 10.39939594516676], [8.798327882925491, 10.401710313580168], [8.796901804574645, 10.403042821069391], [8.793693128734958, 10.402411633690008], [8.793086244634537, 10.41071784944927], [8.782257012351295, 10.424160140178401], [8.778038197305023, 10.424218579923547], [8.770194764576786, 10.428133981697954], [8.767283187868884, 10.427724911575467], [8.764975769416253, 10.43172646300593], [8.757559691826373, 10.435002209384493], [8.755220941893015, 10.439120222120607], [8.749219530257164, 10.44069800081212], [8.74939778937653, 10.445197549127613], [8.752846086877469, 10.454557980766253], [8.758336980367403, 10.457862605275068], [8.776749334813985, 10.47946860429272], [8.77610974057211, 10.49625744862243], [8.773050030234742, 10.50446211203689], [8.773663243763735, 10.513786455680417], [8.775268779130897, 10.519114706778339], [8.782135231555742, 10.525884325601169], [8.784286065449635, 10.543265046144995], [8.793080213780911, 10.565462608412702], [8.783176767893565, 10.596968705141705], [8.779194469149502, 10.598132018677745], [8.770643248387273, 10.58728475408816], [8.760375485340433, 10.581864407916157], [8.758464232638289, 10.573133635708757], [8.749727432275222, 10.565042037759895], [8.736037080646781, 10.560929762698436], [8.711128244972599, 10.543358511785925], [8.703522493168578, 10.549340327194386], [8.666434260432823, 10.59330276271237], [8.649561700012498, 10.624065508616354], [8.643929963696905, 10.63047962093782], [8.638812115286953, 10.630528219401867], [8.615607464313086, 10.639751540401335], [8.593646539756037, 10.645065435621405], [8.582732029259773, 10.6413327194295], [8.553934643768855, 10.636182302970951], [8.543728701018779, 10.631778795954745], [8.53454247435576, 10.632666846797576], [8.522645557946191, 10.637551079218952], [8.519031304950829, 10.64169521456256], [8.514212301256748, 10.643323252765924], [8.506330352363932, 10.650457082628293], [8.5073994340367, 10.655850540869835], [8.500997291691704, 10.660526798772821], [8.498228799819287, 10.664692858688511], [8.497382887610229, 10.67977970097246], [8.489836804025344, 10.697424197169028], [8.48966377176572, 10.702864907589458], [8.483955412312469, 10.70925745596685], [8.481234260752558, 10.715861896309491], [8.501429727999607, 10.725783977948254], [8.520602249694093, 10.731401415942628], [8.539378994145295, 10.733442759176057], [8.571637026627513, 10.748272388160217], [8.572947187762566, 10.77365359633643], [8.562844576216264, 10.77831476181683], [8.559261929894205, 10.784633451572574], [8.558667729831939, 10.789157126000589], [8.562530025740159, 10.796453231331611], [8.563054369163865, 10.816451434086446], [8.56915185357525, 10.817373840830157], [8.566971232336527, 10.827184167315522], [8.570002390997615, 10.828210392695496], [8.574998072802885, 10.827132030019243], [8.573902086112412, 10.842083734776566], [8.581478127014009, 10.858919904130346], [8.585043322891067, 10.861487555806093], [8.583741005642935, 10.88798166242384], [8.580770008928823, 10.901693660733883], [8.57800311155438, 10.907411560195385], [8.568487802270283, 10.90746791890939], [8.573578834695525, 10.9289703367117], [8.581279754557102, 10.942049980322395], [8.58657169282941, 10.957369803673544], [8.588533401994937, 10.967920303679136], [8.597114562986746, 10.989179611350039], [8.598995209961004, 11.00205993731629], [8.614759426106673, 11.01773997511981], [8.60986718522247, 11.040333126672522], [8.60731212765262, 11.071241218307648], [8.594639290570854, 11.082515630292164], [8.58994769562969, 11.082133893264597], [8.58962562592194, 11.084880768133019], [8.574082444249427, 11.092830331654511], [8.559244529811224, 11.099766064252492], [8.5464811292008, 11.10249488433152], [8.533952279873859, 11.107327630565749], [8.51963207725862, 11.1149074270362], [8.506047334816685, 11.132235616380626], [8.509931279205205, 11.151199769653715], [8.518701660253441, 11.162322834731071], [8.514645405760916, 11.163042590942894], [8.509004328187245, 11.158615193436503], [8.50610809121548, 11.158209151331334], [8.502087847376288, 11.15889501659177], [8.497595699581893, 11.162602654289117], [8.483406220620623, 11.161623281789048], [8.470072388130234, 11.169318252635321], [8.466863711391227, 11.16812904491951], [8.4646532902172, 11.169598067696711], [8.461872438062642, 11.171766610140992], [8.457492399754472, 11.18410932318676], [8.447175289108372, 11.203977862588317], [8.437781432367274, 11.210020653830156], [8.437878667966174, 11.21679170617233], [8.433814344756229, 11.226583402302197], [8.428038726805823, 11.229101214449543], [8.415070412969214, 11.230647560036914], [8.402927396182463, 11.22786172383951], [8.359306821752455, 11.22657951723096], [8.336172143429735, 11.233279502447147], [8.334020787929092, 11.229490152348717], [8.325179102333777, 11.22718216192726], [8.308208769419196, 11.235434888709221], [8.297907885240761, 11.234223938983632], [8.29398051798654, 11.242482060798523], [8.29374521486983, 11.249498853789135], [8.290964361815895, 11.252366130792325], [8.291677400991318, 11.256002638411076], [8.287826989623909, 11.258939782844777], [8.286115695782769, 11.268240543566264], [8.278023881097283, 11.27490395785145], [8.27663227465979, 11.277750785170667], [8.274207940743906, 11.277890638742008], [8.27309084696509, 11.27649209403495], [8.266079295223335, 11.277424458072346], [8.26070337915769, 11.276322790364532], [8.257274956673939, 11.279668045344067], [8.254708016361917, 11.295797332281097], [8.25632423837294, 11.30120463558552], [8.260032042444834, 11.304187933226558], [8.264405349327433, 11.313230860116164], [8.258605963194668, 11.312857961625696], [8.255680972199173, 11.315035737409403], [8.248775529667, 11.325722682555806], [8.237366902860344, 11.327065055607875], [8.226756880325809, 11.325946411397808], [8.206780772114996, 11.318701683436018], [8.200242825845805, 11.324357627702398], [8.187391280882935, 11.34060954979094], [8.167448604069875, 11.354343510444721], [8.165246165278347, 11.362968230999115], [8.14875435083269, 11.373381997181468], [8.149931987871014, 11.375393113301584], [8.122913757264143, 11.386672797111942], [8.122308050376262, 11.391738072953729], [8.113721870268137, 11.408484264237472], [8.128576852939489, 11.411280054131225], [8.140579678909091, 11.416289107956004], [8.143324521309637, 11.420267574688864], [8.140389536148234, 11.456754362423908], [8.153881293187169, 11.477422974690569], [8.152455213937003, 11.489022496990685], [8.16170309002564, 11.497152818847553], [8.161788653323754, 11.50553747527431], [8.150081420121467, 11.519170437565663], [8.120997062764275, 11.520208054658042], [8.113988850205317, 11.522285460705518], [8.109999881189594, 11.52085825820211], [8.106874133634392, 11.523747526327327], [8.102993199276796, 11.522661708271244], [8.101531468202722, 11.523989174161102], [8.097574101363762, 11.520111555603876], [8.086593297342858, 11.517386711427662], [8.083498590787372, 11.513813218405346], [8.0819157597046, 11.505513531724148], [8.073492391061052, 11.504619181130352], [8.067174388387343, 11.500380753668878], [8.061890767944647, 11.500918771284319], [8.060678601436337, 11.4977116179968], [8.056835319894162, 11.496678659392671], [8.054427251116806, 11.490528236389025], [8.046956557699048, 11.486477749248763], [8.044651064694904, 11.487863616212962], [8.040230222346906, 11.487153214749128], [8.039099999365533, 11.491700000854394], [8.030286393302447, 11.494106250303275], [8.022500000974333, 11.488800000219896], [8.012317804822885, 11.491842325762775], [8.00908666841508, 11.490827076608355], [8.00090000043474, 11.492100000414723], [7.999483099665383, 11.489578383235823], [7.997600677429375, 11.489326832067718], [7.995718253394728, 11.491590777292572], [7.994777041827092, 11.486895167777845], [7.991012194657117, 11.487649824879554], [7.988614933932126, 11.484735295697362], [7.98254128874953, 11.483038003401191], [7.980231041929073, 11.484295779027036], [7.978690878281441, 11.483289558166632], [7.977920795108673, 11.479013075892794], [7.968423113435961, 11.478677663843143], [7.962690278033961, 11.471382331929135], [7.956871879333789, 11.467608809898707], [7.954048242832187, 11.466183244161414], [7.948743232014579, 11.466183244161414], [7.944795153373661, 11.46439623100133], [7.945026635271063, 11.463131920002184], [7.942495345883572, 11.46318782635717], [7.941881126013186, 11.459686633431431], [7.931389963276217, 11.453260162626464], [7.930151216405534, 11.448440593258795], [7.917703625322076, 11.440109361058205], [7.916841204258219, 11.43534738787173], [7.909395477819089, 11.433521693071725], [7.906911724796316, 11.43139007319337], [7.90331087709535, 11.432312612137366], [7.898614325990422, 11.431082559012964], [7.896788945953119, 11.427653292965147], [7.893784674323285, 11.427243269561302], [7.893100156247272, 11.424186710448396], [7.896634329111066, 11.418940978443459], [7.889118206440116, 11.405236613578893], [7.88265279499052, 11.399460079219352], [7.882250283623762, 11.395108223865464], [7.878981561849628, 11.391949407339325], [7.878918252275582, 11.386228914233072], [7.866036010753362, 11.381783203831844], [7.857126937158455, 11.385470584300094], [7.855785315040293, 11.378065418184576], [7.835938249650553, 11.377384953352987], [7.832862880317748, 11.371885607135084], [7.826804422885857, 11.369598802942448], [7.82136116108876, 11.373493630027042], [7.819492375272944, 11.372235838213385], [7.813499903797549, 11.378473990981945], [7.811258091787579, 11.3791750556843], [7.806160354017152, 11.377498849792119], [7.805519807393239, 11.371695700895941], [7.801633279252485, 11.373606750351314], [7.800465461012266, 11.376739246419163], [7.798442528699809, 11.37673605382588], [7.788996544554948, 11.359880111977645], [7.783107711851471, 11.361145814227996], [7.777470323296825, 11.364944603610638], [7.779227907941674, 11.36602021256283], [7.775472569303702, 11.370249466040093], [7.775499824157635, 11.374940017767642], [7.769377192903164, 11.379124867218877], [7.764804234727706, 11.379283311575591], [7.76000524094917, 11.37540642686514], [7.757087549750679, 11.377113222297396], [7.754816426137211, 11.372430235666911], [7.750667224912547, 11.371434143870715], [7.741586818776739, 11.368297199756], [7.730125444034059, 11.371637895172796], [7.720486177595092, 11.369706341174776], [7.717748107089506, 11.364561314353239], [7.713267002070552, 11.348391610084775], [7.717973060808163, 11.33680964524899], [7.716461418259883, 11.336082552367941], [7.721179651120053, 11.324992108399158], [7.717129844766589, 11.322474531874207], [7.71871021620359, 11.32133936172221], [7.715667914942344, 11.317955384633365], [7.708375900627345, 11.315801924719096], [7.707662862351242, 11.318281666765586], [7.706567778580165, 11.318093115804686], [7.706176062675183, 11.310041560169907], [7.689808360967106, 11.308847348626273], [7.683486080218472, 11.309658413904742], [7.684484926638106, 11.30625774899596], [7.675328314650073, 11.306153256767459], [7.668830038375631, 11.296909729800234], [7.664311552136496, 11.30002248215186], [7.663985248420545, 11.297479568127642], [7.657991069132606, 11.292974461102574], [7.653757889215285, 11.291981293002323], [7.651666308053734, 11.293006837595556], [7.647929115935995, 11.290018352664902], [7.631040465744945, 11.284929868918368], [7.60750208175574, 11.271802082799923], [7.573983846377473, 11.319052097076678], [7.562183876884433, 11.323247361576534], [7.550928435199182, 11.331396678913677], [7.538319003019637, 11.334511916092083], [7.52990138733918, 11.339158730191286], [7.521725197360013, 11.340404114958005], [7.521892455072816, 11.353547491723418], [7.520295247427782, 11.361600846002318], [7.505628030609159, 11.356462664820185], [7.496358522228093, 11.351569072254904], [7.489499212218902, 11.352181935947613], [7.482975799893325, 11.357613225070338], [7.472503995962711, 11.376015752624937], [7.467724414050508, 11.377658567588867], [7.454370118386294, 11.378406193790852], [7.427571578665493, 11.37404689564778], [7.405453074000206, 11.375336200605204], [7.397914129233698, 11.37804232269508], [7.392313004041966, 11.374830245619364], [7.380634784767551, 11.349410057228397], [7.370110035050118, 11.333200455436724], [7.364293097748316, 11.311269759791628], [7.364614403931625, 11.290343927929996], [7.35778190810862, 11.264257115273722], [7.341207706770319, 11.262365105365348], [7.320196818828151, 11.265069082572154], [7.297569709774336, 11.273647057265919], [7.289577098404436, 11.28432877735122], [7.283993012667452, 11.275450397617817], [7.27328224987599, 11.274410353255234], [7.265652729889609, 11.278116507970537], [7.260497912148992, 11.27852841005813], [7.252711145702847, 11.272877569444347], [7.249561889869369, 11.272935842814945], [7.227398255425214, 11.278634940150425], [7.222121764807639, 11.276117560577006], [7.21512683343667, 11.269965041253727], [7.20995729919008, 11.261107234411384], [7.194785908043286, 11.257561206684386], [7.195329319792336, 11.252239284115717], [7.199033305342823, 11.243424696892305], [7.200578222806769, 11.2285047525923], [7.202741109414717, 11.222163542013902], [7.211368883167495, 11.202439621691212], [7.218499274921669, 11.199851631847366], [7.219711441429922, 11.194185952419843], [7.206467072597377, 11.185571824979775], [7.200074029592827, 11.173159013377813], [7.200276174705721, 11.151728553030352], [7.173025532302518, 11.134899700560766], [7.152109716190523, 11.128836295958365], [7.144266285260926, 11.130118950429278], [7.129292461677835, 11.138164558847336], [7.123350469148875, 11.145043960610337], [7.118678839157155, 11.156086292648354], [7.095753850359927, 11.16952325489433], [7.089893864310454, 11.174849943869845], [7.084558257657534, 11.181023972278524], [7.07665540672167, 11.195305185685811], [7.068960525807654, 11.203290701404796], [7.061356391884033, 11.207753497126248], [7.058421297904601, 11.200257194613869], [7.046901562557139, 11.204838377988779], [7.040246529953436, 11.204838377988779], [7.025450174985622, 11.209558833973063], [6.999067724595875, 11.226764455615182], [6.97570038266656, 11.239037302129816], [6.96773385972989, 11.245169639767084], [6.972404957322965, 11.255570411645238], [6.984107017624808, 11.270629883062725], [6.996993065077959, 11.28108978266738], [7.008699893585288, 11.293840408408187], [7.007574782350389, 11.310985832130484], [7.009618828046541, 11.33091204865218], [7.008189352956322, 11.34075248803697], [7.009896910114378, 11.347400386318839], [7.013421669774289, 11.346011924810512], [7.013628480569992, 11.349229694594783], [7.006193161085548, 11.361789702732665], [6.988540937914024, 11.360675173820255], [6.975470433213957, 11.35738480086792], [6.961312151734489, 11.358762770885221], [6.949636475742807, 11.365897128649635], [6.940347164290245, 11.374158888222155], [6.934461554756979, 11.375405797339738], [6.919288060095937, 11.384913448896611], [6.897991355916417, 11.384070063782474], [6.89774917928122, 11.381299652756809], [6.889442272842643, 11.383641353365817], [6.877891037841152, 11.366200469975752], [6.844541759894355, 11.360355591637301], [6.832882401201914, 11.35196799172951], [6.833358292751086, 11.337393793588774], [6.835321349101037, 11.328827733113428], [6.839857008793956, 11.318864524578203], [6.83620082490819, 11.316128027886236], [6.835676843911244, 11.310018462881828], [6.829486373197597, 11.307184244957], [6.825148718138905, 11.308029110355221], [6.822504530559684, 11.310651085579195], [6.819545589257586, 11.308408915639006], [6.815329495559808, 11.308126104036546], [6.787132883276001, 11.319833053053003], [6.773998257813389, 11.322402870296287], [6.770643218210012, 11.320118586903334], [6.767893513175125, 11.30821347766988], [6.766536649346961, 11.296906279101563], [6.766773547861021, 11.27216231164141], [6.764295775329799, 11.267264479672065], [6.760635507622624, 11.267078000749166], [6.758401318266294, 11.26344163432401], [6.730479249218035, 11.258153710625322], [6.711205614047913, 11.249159348924877], [6.703353393144653, 11.239022843729288], [6.692788585824644, 11.216322786167723], [6.689076626884855, 11.203616464628169], [6.686050447770015, 11.1794325562675], [6.68498395434608, 11.151544340399028], [6.688220020837321, 11.127940087365175], [6.690875429257687, 11.120890682259244], [6.698594471357808, 11.114044033805158], [6.714203735214255, 11.110998324113439], [6.715999997901633, 11.106221807090776], [6.707014961271511, 11.094253416162303], [6.700930359648453, 11.09658578720439], [6.695984165736718, 11.093595574676101], [6.687418519848848, 11.091662970269908], [6.681096866826977, 11.08114465520174], [6.682981399771847, 11.065040463846401], [6.676782100413675, 11.057306189928795], [6.675308484798791, 11.056373119923592], [6.668605916729746, 11.062811248640287], [6.663800000869401, 11.061500002023536], [6.663804787061338, 11.055626660142309], [6.662045956855479, 11.054693583841868], [6.660781331992951, 11.055841234785191], [6.656531787112328, 11.051987645213728], [6.646422089807629, 11.049294414006056], [6.644249960867057, 11.048816674350064], [6.643031578244802, 11.050634667356064], [6.627154572725374, 11.048068655144391], [6.624159807828903, 11.049095063086725], [6.622686194012715, 11.047042245403361], [6.60319645625151, 11.045969176136623], [6.599821404034628, 11.04466282363046], [6.598775613004193, 11.041256954344988], [6.587557129857714, 11.030852473662776], [6.585893372381292, 11.024973546991646], [6.584562364961243, 11.023900397685281], [6.57807764506731, 11.02527348888043], [6.577289365911554, 11.021567448379074], [6.572041277682843, 11.022145463342497], [6.572159391043101, 11.024503767235103], [6.551577054337656, 11.041754858599916], [6.533374177176597, 11.047941457732122], [6.510769296665785, 11.043658428393826], [6.488640310402047, 11.032712908374094], [6.479122465929095, 11.029500635246166], [6.458183208987975, 11.015937706759814], [6.437006005822582, 11.007609595206702], [6.431764590563432, 11.007468569818684], [6.427130554931239, 11.00952863963505], [6.42625614590446, 11.01265894405509], [6.42155008716685, 11.017768232717799], [6.418983145955451, 11.027741587404364], [6.411282323220689, 11.031065963723279], [6.40693278362113, 11.02889637536748], [6.403724107781386, 11.03292059960603], [6.395595461361495, 11.031835813971668], [6.391611113961801, 11.033845811335198], [6.386468557577928, 11.0321507520556], [6.382475539814379, 11.032605662421417], [6.378268609308918, 11.030506071897776], [6.374853611005392, 11.030956268017405], [6.37177995218309, 11.024697125971613], [6.364804655710316, 11.017663432921154], [6.353810074075682, 11.022312623029165], [6.346752277395751, 11.022212541075987], [6.344196968915014, 11.024183432319603], [6.340905355797588, 11.021092722351284], [6.338302762762339, 11.02095274467348], [6.334701915061373, 11.02466213155219], [6.328605429796824, 11.027146694864143], [6.322425724867344, 11.02406546015294], [6.321972494435101, 11.021391398893968], [6.326216747704791, 11.02270246114972], [6.327428915112364, 11.019587958717352], [6.324255891096527, 11.017663247660778], [6.322188077218016, 11.011679070632624], [6.320120263339504, 11.010209253754113], [6.313096827056995, 11.010384233045954], [6.300860309555674, 10.999074762790144], [6.30139712207955, 10.994145555273178], [6.296388809296161, 10.992623319610573], [6.292721633896349, 10.985320597967245], [6.287460061232878, 10.979387145400494], [6.286979885313485, 10.975240489257203], [6.283207934398717, 10.97456161082971], [6.283061246879072, 10.968431076333161], [6.280232282793691, 10.963637651156716], [6.266548480927725, 10.966106377407414], [6.265354030164417, 10.9636170782656], [6.262282179878753, 10.962931259769846], [6.260827688347206, 10.959523059441665], [6.254415371072582, 10.955428983960473], [6.25102061381034, 10.948310508223415], [6.248170694621933, 10.948557393708825], [6.241800287553303, 10.94526555755948], [6.237483498564643, 10.945327279830167], [6.232081777352164, 10.933223769361518], [6.23396301068442, 10.926604271669873], [6.23302002295577, 10.922118804938918], [6.217795000738761, 10.905103993354658], [6.209228941162735, 10.901772748913288], [6.164607024694476, 10.893103743043355], [6.157832582807487, 10.885116521310465], [6.163957251026375, 10.868162432850056], [6.162395586387277, 10.865572998694972], [6.163666945373279, 10.860023521568337], [6.162805356182275, 10.856142839020833], [6.160554925069789, 10.854022835685385], [6.15670451280306, 10.852762324321873], [6.154066267943961, 10.85465309136714], [6.148825430049612, 10.855003230714601], [6.122599639761631, 10.844865478159363], [6.122022086150423, 10.836094454095814], [6.130413173629108, 10.833938628065255], [6.136355167057388, 10.825324444867306], [6.130272943241778, 10.81797838129728], [6.126793311562153, 10.818613380003512], [6.122324932849438, 10.814971459365381], [6.11258957115183, 10.81386953175354], [6.113521275986159, 10.805222086230344], [6.111201522432339, 10.799730923843128], [6.110095761010598, 10.789651468940178], [6.105661999901429, 10.777469515106077], [6.101987019285559, 10.774670867166833], [6.103893661163568, 10.769512162556282], [6.113053606938479, 10.760227570745826], [6.111029224019546, 10.749928521184358], [6.11650494864449, 10.742855376674356], [6.116676077938678, 10.740296049123401], [6.111618253879385, 10.736130095327667], [6.110610491580985, 10.731926718942987], [6.107123420709343, 10.727667167305981], [6.107340017927527, 10.720960302276183], [6.103651229120999, 10.71615886863691], [6.09383980995932, 10.710591350210677], [6.094372213107192, 10.705528182379737], [6.092813034194194, 10.698951542779525], [6.096916790877231, 10.698177070915165], [6.098897634917989, 10.70166068928944], [6.107454105022953, 10.701847524343805], [6.111941498101714, 10.700352826821529], [6.116390862448384, 10.694224496563322], [6.114204207658133, 10.69190765591361], [6.117626522845796, 10.686828854268242], [6.12576495119157, 10.685312037920255], [6.132572097824095, 10.678977866335515], [6.137230621096307, 10.679239456635685], [6.141041018927922, 10.673198987443357], [6.140192811649001, 10.670523521443386], [6.133104014438743, 10.667393669382363], [6.133054497766921, 10.6604564969698], [6.130521365668528, 10.657707952959697], [6.130820308410534, 10.645974344440504], [6.127026940141207, 10.638588180999818], [6.127502299291734, 10.634439517569717], [6.12341420789943, 10.632215662323006], [6.121360654570594, 10.62862755711609], [6.114705622866268, 10.606761634242048], [6.117082420417432, 10.602070535726682], [6.12754032802377, 10.59629533955831], [6.134005216967239, 10.59012753355887], [6.129866580977989, 10.57770480243471], [6.128710208409416, 10.568790315820479], [6.125442110764823, 10.561570520663054], [6.125739210795984, 10.556733864176522], [6.120034898291976, 10.550074575081624], [6.114418525994211, 10.548579135618638], [6.109000812137822, 10.545193254665037], [6.099701396802061, 10.547541669612428], [6.093640193739986, 10.546197091422698], [6.09428705270534, 10.531037557837067], [6.092243006109868, 10.521783838853139], [6.158331775790884, 10.500831663150791], [6.174896222182952, 10.442200313793478], [6.161385986773894, 10.417576424712252], [6.162284812394205, 10.409593277807573], [6.164511871026093, 10.408126381927048], [6.162917831692653, 10.403930980730252], [6.164381524188059, 10.39862232316176], [6.166311482788728, 10.39638741614641], [6.169572448809504, 10.395471006981438], [6.172284375123866, 10.38850433230914], [6.175100879102331, 10.38806248189809], [6.177305478065421, 10.3857715651057], [6.173099019704068, 10.380901046446183], [6.169212955613432, 10.371309693187811], [6.169308028342869, 10.366353168763794], [6.170851925975626, 10.3650323218842], [6.169712083845639, 10.358468160377356], [6.173396119735173, 10.359140351446115], [6.180547147333016, 10.366005872173332], [6.1825705571855, 10.37376454559734], [6.184234314661921, 10.375260827725072], [6.192777929857641, 10.378691566862358], [6.196736268863788, 10.378323507623804], [6.204627236158046, 10.372502053027347], [6.207146641004726, 10.373063161635628], [6.213812881859042, 10.38230651773165], [6.216713250316275, 10.389381637152894], [6.219358076414153, 10.389433821213913], [6.221930320028321, 10.385793048110713], [6.225998163184727, 10.384588284821518], [6.231892533014047, 10.386461647287263], [6.235651125399158, 10.384797583142017], [6.244222374063384, 10.411937327445742], [6.254453987061879, 10.427448306194435], [6.285906548948105, 10.413759183939248], [6.287165725717728, 10.414410187879923], [6.287565028303447, 10.420263588194075], [6.286186831657005, 10.42350814068817], [6.291405932038174, 10.423096744019574], [6.297077520011612, 10.418143797098594], [6.304251036056542, 10.424693695357803], [6.302292554557823, 10.431351007742876], [6.309993378191905, 10.432585213936534], [6.320051984111842, 10.44057002998295], [6.32163017829015, 10.443505847916583], [6.323816831281761, 10.453547257000366], [6.315423916380666, 10.480156502020975], [6.32708856668404, 10.495207666400745], [6.355332566045149, 10.511202500195282], [6.369829007003091, 10.527920417693167], [6.382946451817361, 10.540433602628696], [6.386467063803991, 10.550863813814033], [6.391809541277382, 10.556893008205805], [6.391202833444083, 10.56131063008155], [6.397114006206493, 10.569445693164255], [6.397239953561041, 10.572697538260854], [6.402426147748542, 10.574422335422469], [6.40638351458756, 10.572810191836936], [6.409944015104259, 10.574996761191642], [6.42442340581556, 10.577085856627036], [6.435582469855149, 10.590823655587258], [6.44588588562516, 10.590613388696966], [6.446657449981387, 10.594210514103963], [6.450375080045944, 10.595006942916143], [6.455775669911304, 10.59573300607343], [6.457294513331192, 10.593872522798733], [6.459897106366441, 10.5941879231342], [6.46920293206972, 10.600335167933679], [6.472410943310422, 10.606102729757197], [6.477117002048033, 10.608065125105497], [6.480396982434854, 10.60739931472665], [6.482963922746876, 10.604911270139041], [6.49454360780129, 10.615692841951159], [6.513826846831591, 10.605448722980213], [6.524268150254954, 10.595006942916143], [6.521055698162002, 10.582156181262803], [6.52159309434586, 10.572834969058647], [6.525071620758752, 10.564486504048944], [6.532299995448454, 10.553241730121783], [6.540331840641954, 10.545209884928283], [6.549167156339252, 10.545209884928283], [6.5561008447782, 10.546940803775101], [6.574065684883521, 10.557257652718533], [6.586916924076831, 10.574124336069303], [6.647069930832686, 10.593429565322253], [6.680889606370272, 10.589385032593214], [6.695991255092395, 10.591047332268602], [6.709845543237293, 10.587535858293279], [6.725868225438319, 10.589385032593214], [6.731325917756919, 10.5964021502391], [6.724262297966732, 10.61768225832958], [6.714161199979458, 10.634115385716541], [6.716573402940242, 10.64150275604743], [6.719780155130081, 10.643503330314502], [6.729607280051994, 10.641858574613593], [6.741807252702586, 10.64387826127279], [6.751057885213299, 10.642138737712628], [6.75989914902658, 10.645277941823622], [6.785304069627159, 10.639183043862431], [6.80297422258235, 10.6431989673585], [6.81662845563875, 10.638379097617303], [6.829479218191409, 10.62472534210093], [6.829479218191409, 10.59982681265734], [6.835101604255669, 10.59581089006059], [6.841928958654591, 10.5725183492425], [6.841125488150794, 10.557257652718533], [6.835503101187214, 10.537981032698553], [6.839519023783964, 10.531555176130496], [6.844338416884455, 10.528343200678194], [6.849157333344294, 10.530752182267463], [6.856386184674705, 10.537981032698553], [6.861205101134544, 10.550831795251213], [6.869102477897059, 10.5553569787416], [6.912609100129941, 10.537981032698553], [6.919034957597262, 10.530752182267463], [6.926622065555932, 10.5170232317368], [6.923451111779457, 10.512250702308108], [6.929857847861456, 10.511053258601066], [6.935901641847352, 10.500231743400263], [6.947949408738282, 10.491395950162996], [6.953519821182852, 10.48217868789618], [6.954374789564952, 10.462481499022033], [6.946342945270771, 10.450433731231783], [6.938311100077271, 10.433567046981693], [6.923050880194012, 10.382163048885673], [6.926263332287022, 10.370115280196046], [6.934295176581202, 10.361279487858155], [6.948752880141342, 10.360476493995066], [6.977213859831807, 10.36483001669194], [6.996943951302342, 10.356460571398316], [7.020236492120489, 10.354051589809046], [7.033890724277569, 10.343609809744976], [7.043528557197192, 10.326743126394206], [7.050757407628282, 10.317104340193168], [7.049150944160772, 10.301040648906849], [7.045938492067819, 10.291402816886546], [7.032284259910739, 10.287386895189115], [7.019433021616692, 10.273732184592689], [7.009794712056362, 10.250439643774598], [7.008188725229559, 10.242407800379738], [7.003369331229692, 10.241604804718008], [7.002566338265922, 10.247227669221616], [6.996140957439309, 10.244817735250308], [6.987305640842692, 10.236785889157488], [6.984889030304544, 10.236814499289778], [6.982486726181492, 10.244014739588636], [6.970438956592602, 10.232769965661419], [6.965619564391432, 10.215099335166258], [6.954472543173381, 10.19199848304362], [6.942327022674021, 10.180562973702308], [6.928672791416261, 10.180562973702308], [6.927066802790762, 10.186184884025238], [6.921444415827182, 10.191003798686381], [6.915019035000512, 10.188594817996488], [6.911003113303082, 10.178956032694828], [6.903774261073352, 10.168515205912058], [6.894938946275374, 10.158073425847988], [6.885301114255071, 10.150844575416897], [6.882088183722772, 10.117111206916718], [6.901178837433463, 10.076381683068291], [6.914422035348707, 10.077836037003578], [6.926198006432912, 10.067742347631281], [6.94049739783668, 10.061013221682856], [6.952273368920885, 10.047554969786063], [7.008491546747507, 10.044804985961377], [7.018723487998614, 10.038302421719436], [7.033864020708052, 10.04419040726151], [7.064986705871831, 10.042508124650283], [7.08517408371705, 10.036620140007528], [7.091903209665418, 10.032414436177362], [7.100314617325751, 10.029891014059103], [7.103679179850303, 10.031573295771011], [7.105361461562268, 10.026526450635231], [7.112090588409956, 10.026526450635231], [7.123025417289227, 10.029891014059103], [7.124869790108789, 10.03296497415431], [7.138165950897985, 10.035778998701858], [7.166764736403536, 10.033255576583656], [7.179381846994715, 10.027367591940845], [7.188634395960662, 10.027367591940845], [7.200410366145547, 10.033255576583656], [7.207139492093916, 10.041666985143308], [7.213868618042341, 10.039984703431344], [7.216015815977187, 10.037407875073427], [7.222132205936589, 10.037260056206662], [7.229088306380277, 10.038420677172553], [7.232373714175594, 10.043349265955896], [7.240785121835927, 10.039984703431344], [7.254066943834459, 10.039226532678413], [7.270225047747829, 10.028208733246515], [7.277795315001811, 10.01643276216231], [7.280318737120069, 9.999609947740964], [7.281075477950992, 9.964994430648517], [7.286206721762824, 9.949982643084581], [7.285365582255849, 9.933159827763916], [7.293776989016862, 9.90792560568218], [7.295459269829507, 9.887738228736339], [7.295459269829507, 9.871756553821967], [7.296500206319536, 9.869848250896098], [7.294904709185005, 9.853045464376748], [7.292935847711249, 9.851568221796072], [7.288730144780402, 9.8406333929168], [7.292094707304955, 9.823810576696815], [7.292935847711249, 9.811193467004955], [7.291253566898661, 9.800258636327044], [7.285365582255849, 9.789323807447829], [7.273589611171644, 9.783435821905698], [7.26770162562957, 9.783435821905698], [7.260131359274851, 9.78680038532957], [7.251719951614518, 9.79437065078497], [7.2315325737693, 9.791006088260417], [7.223962307414581, 9.787641525735864], [7.210504054618468, 9.780071259381145], [7.204740046915674, 9.758296013350389], [7.222709894446098, 9.74094891575993], [7.256019613914077, 9.712626559368289], [7.276364999045541, 9.689948173669336], [7.297851246138123, 9.64889827713381], [7.305647140703002, 9.627715322803965], [7.296139952296983, 9.613467633424591], [7.258871770615769, 9.589095192988793], [7.233942260427, 9.564821187847599], [7.248481863447296, 9.535011583018218], [7.251372950900986, 9.521033495999063], [7.22951844132308, 9.499803821888918], [7.218982277410248, 9.492680104003625], [7.200896645763635, 9.459821223670588], [7.221413446173642, 9.375293091103345], [7.222364165373961, 9.33232913418226], [7.232257439928958, 9.317718875026117], [7.273702986004025, 9.329327088374498], [7.333978564958841, 9.340772251937949], [7.353584683086694, 9.337771450791877], [7.378645291946725, 9.336468363724066], [7.389690693370824, 9.33589403058511], [7.473734246038646, 9.350340871234266], [7.496931786972425, 9.352404657049306], [7.509100988419902, 9.355031274573719], [7.542094113252745, 9.387351140842497], [7.614060356300456, 9.406058770595848], [7.646955230199751, 9.408684983425303], [7.667490758092072, 9.40136905793571], [7.670723203013438, 9.383922765123543], [7.67870924213787, 9.368351675689325], [7.692970024746899, 9.349402783012067], [7.724080473734944, 9.329254915981664]]]}}]}